"","CSF1","CSF2","CSF3","CSM1","CSM2","CSM3","WRF1","WRF2","WRF3","WRM1","WRM2","WRM3"
"timeout",1.03000118817634,1.04232376134695,0.967287009244418,0.860081948727993,0.94600685971647,0.851618462810405,-0.861697051938124,-1.0422383803722,-1.24722672116208,-0.76200928979801,-0.876522973294699,-0.907624813457461
"Nmdar1",0.985764876462909,0.973991044000246,1.23355350582793,0.169193110378293,0.474095878203317,1.48858044197375,-0.755382386018029,-1.18084682543232,-1.23704930932478,-0.759745791469552,-0.849596467548958,-0.54255807705279
"AsnS",1.59809858654652,1.5269949692897,1.37266143701993,0.230114708866034,-0.195587815392425,-0.176701045160987,-0.667515873743841,-0.464974468722068,-0.781504128590058,-0.517687971881163,-1.56049596327741,-0.363402434954222
"CG1304",1.47002177116666,1.62050717605752,1.57366053915015,0.214729763495149,-0.10513246721068,-0.913293984177832,-0.87889015907621,-0.322425443804868,-0.333589101398279,-0.872502322214297,-0.583994326048136,-0.869091445939172
"CG31436",1.15999999515921,1.39356914479533,1.32314352743175,0.321652573250301,0.681314018538093,0.447083971510208,-0.959926588426035,-0.609208094404125,-0.552482430885503,-0.886664366304819,-0.911814015477042,-1.40666773518734
"dbf",0.0498843584012686,-0.0618488764818693,0.182505101375653,0.844843023146795,0.862461168770578,0.899053809817599,-1.47878813647156,-1.61848358835681,-1.6212142160881,0.674522197508894,0.600858924837547,0.666206233540002
"CG9360",1.55101938703027,1.39266432871136,1.66225935506638,-0.535783702121631,-0.752513492292625,-1.07693987088824,-0.0681509065609234,0.0743486290014779,0.0539601481401328,-0.989417637874819,-0.771052442677673,-0.54039379553371
"CG13367",1.85493379024564,1.4699588023252,1.57569127702116,-0.42380133859466,-0.487950368548288,-0.628416484296617,-0.886349334903541,-0.305296168014082,-0.556352648449454,-0.559182559722522,-0.372763507063786,-0.680471459999029
"lncRNA:CR46123",1.07129328351291,1.08303795094474,1.05297700225491,1.0131237788642,0.581451898744404,0.893585103699392,-0.951301974326677,-0.935252844126114,-0.942179876716338,-0.945402555870911,-0.979082857784021,-0.942248909196495
"CG11893",0.959433168821227,0.955692213823355,0.731475674066308,1.05473396333469,1.11513259092811,0.802386054981871,-0.895353497091813,-1.43007108418831,-0.600628932911458,-0.894110929787059,-0.841535458460009,-0.957153763516911
"CG46397",1.47201994511383,1.3883880553154,1.02190658446217,-0.538637888814758,-0.268453601865316,1.38881339402376,-0.901099085395216,-0.535173466885179,-0.702526743111866,-0.878770508569033,-1.00602080597092,-0.440445878302863
"Drsl5",1.38300327022849,0.743345799556351,0.879099609624267,0.999275661054894,1.14650128998822,0.354745884861543,-0.737689020220493,-1.11880912576205,-0.625239156573454,-1.16143610357678,-1.09307153493184,-0.769726574249128
"lncRNA:CR45148",1.28895314156172,1.08347087317607,1.02010839001267,1.35776150872672,0.872701736709536,-0.831497560215797,-0.800565298186643,-0.784950742199671,-0.791683343153754,-0.794819107579756,-0.827729108661339,-0.791750490189759
"CG10962",1.41961624745329,1.79909960796278,1.40479734138409,0.0996623122361789,-0.456907939766165,-0.5269447687177,-0.535884477681352,-0.327842014908612,0.0378817598554349,-1.14850709819667,-0.934394562795708,-0.830576406825521
"t",1.58376372319589,1.620280501981,1.47993873696193,0.0723944603075174,-0.830777102505957,0.0124456800738082,-0.429291238254288,-0.813086019882235,-0.186012219911379,-0.824747401116108,-0.863790148166241,-0.82111897268393
"CG43218",1.36576941852596,1.45235342710113,1.10464298664292,-0.0637338306070433,0.22479060953951,-1.33462714735985,0.324077500132846,-0.224149420275148,0.219115164197795,-1.01737239274451,-0.465106780463156,-1.58575953469044
"CG12224",1.38277935511469,1.15777878895231,1.13034884517013,0.684058719913325,0.645428221205741,0.196502756974677,-1.05962136627187,-1.27723676326383,-0.88867988849974,-0.342279422741911,-0.286020072029274,-1.34305917452425
"rst",1.02259539735986,2.16703033160997,1.0056592943342,-0.553440781900333,-0.0409969153136567,0.256928524046828,-0.69412104059543,-0.840459005403796,-1.52914255609446,-0.419414604324838,0.0367341133635995,-0.411372757081947
"Adk3",0.703273302543336,0.720457592908516,0.654419804519982,1.23756513870719,0.445238443190285,1.37829835676842,-1.16519179738367,-1.74490109746308,-0.86530948876949,-0.676386926775826,-0.139211897881498,-0.548251430364112
"lncRNA:CR44922",0.796130056036467,0.74678969231714,1.09437361097559,0.95413830164118,0.611690718285136,1.32975693682308,-0.601074828780108,-1.29354752034529,-0.750860451737263,-0.963829482581897,-1.26233272461794,-0.661234308016075
"DNAlig3",1.0587458640309,1.27194830501696,0.871351287624328,1.08809926396396,0.626888343724148,0.728771863073902,-1.05046003808849,-0.994438150735291,-0.759369367456237,-0.84379124256915,-1.09214788540957,-0.905598243175446
"CG14893",0.928742415404497,1.01360862007152,0.802734387766637,0.912976529781665,0.624299493045867,0.544027213575619,-1.03724169087205,-2.18839538646836,-0.903571891499413,-0.0511377769765851,-0.15912468113538,-0.486917232694024
"Cyp28a5",1.46685841637478,1.75556576274122,1.01506550298916,-0.0106173647567003,0.659419474898195,-0.262173476323945,-0.376250241571758,-0.319801294652459,-0.693561624466518,-1.12401169214311,-0.963276335699493,-1.14721712738942
"ImpL2",0.315546136903919,0.742885094092742,0.737055307291545,0.857400825299968,1.23284961641067,1.54634703653936,-0.880175286984818,-0.787742451292781,-1.32318597569953,-0.836990640743721,-0.687877007687356,-0.916112654130016
"ND2",0.687103099663879,1.33865071411916,1.35699685950466,-0.832457493672068,-0.973778159338574,-1.08711222444746,-0.677259463900289,-0.931921142845196,0.053971834624644,0.59801282171602,1.30027264577113,-0.832479491195903
"CG9577",1.59851227825366,1.75221065447039,1.13563220102375,0.0134012679333149,0.101656233768638,-0.755691633134807,-1.10033789973053,-1.10882866845149,-0.555527261907206,-0.73541716332345,0.104553791039161,-0.450163799941461
"lncRNA:CR44779",1.36303590025709,1.49926507851158,1.6510333205046,-1.162024602814,-1.08557865752082,0.0961864596141458,-0.638644405733821,-0.608080550760472,-0.720329835615513,-0.490078197136852,-0.163554467084096,0.258769957778154
"ND4L",0.358762114261511,1.50472417947138,1.66059344168658,-0.674452266878145,-1.05564731706041,-0.91846284620557,-0.760990841227679,-0.88734883176631,-0.333114371539727,0.845369396608015,0.908299066864766,-0.647731724214428
"lncRNA:CR44580",0.675764893705224,0.796332733526767,0.839196302260317,0.729663358181289,1.22847940361314,1.2151618064137,-1.1559843655146,-1.13474818288891,-1.14391091871181,-1.14817533101085,-0.572054385079674,-0.329725314494604
"CG8671",1.24578930756937,1.40193952550858,1.30831192170349,0.0641059249080509,0.0715110237339734,0.841134986002738,-1.20907414855504,-0.592090619137238,-1.42225865284603,-0.268030105585936,-0.953416568511496,-0.487922594790454
"CG15387",-1.19349167471673,-1.14824094046621,-1.28722712720083,-0.589565826546539,-0.65433900729826,-0.733305290570636,0.81878868958632,0.83733189582009,0.965481667170509,1.05840056837613,0.900968067721748,1.0251989781244
"Tina-1",-0.916390202784213,-0.687311605725078,-0.786819637597415,-1.20318129496659,-0.952406262535861,-1.11065588124673,0.963660580423744,0.90840927496623,0.973741847310138,1.04720089553573,0.630475947859601,1.13327633876044
"LysP",-0.463481908813781,-0.499836057936068,-0.194429035987251,-1.11921926357157,-1.36855448805883,-1.2064128116032,1.28912769812875,1.440807517032,1.11132512197348,0.662652184854843,-0.29717599895944,0.645197042941074
"TotZ",-0.858921629608776,-0.816266971489167,-0.972126106688765,-0.204502171131362,-0.47927792568523,-0.701590886100955,0.858226333727195,1.54957314443526,1.76034513808745,-0.771128195868026,-0.335600012875267,0.971269283197643
"beat-IIIc",-0.800167102694968,-1.18718592604578,-1.03231717367908,-0.736277660455672,-1.24825337536622,-0.571216794258744,0.80761405371931,0.715139168469804,0.77592297715314,1.36717733331146,0.955241853769434,0.954322646077319
"LysX",-1.30344480158497,-1.32437791438997,-1.28475120236601,0.297824696800767,0.428365166145415,-0.420014640909552,1.638698480628,0.818099390491856,0.760098202040143,-0.816940286703684,0.35791726247554,0.848525647372464
"asRNA:CR44114",-1.04800537767876,-1.05819262246503,-1.03890692733767,-1.05327531616177,-0.870408936491622,-0.635479692131477,0.978357289766885,0.950080385091914,0.970071736189795,0.961573248643003,0.868515838658377,0.97567037391636
"AttD",-1.11059426588648,-1.78322919708725,-1.49496300250983,0.120395818841446,0.171035276526149,0.180938789029827,0.96580264545868,0.558877205279636,0.643582952525852,0.212718415918067,-0.0665260085281638,1.60196137043205
"Vha16-1",-0.904765335851402,-1.00481317377824,-0.712463812971442,-0.772442364859844,-1.04354008544931,-1.21127632754512,0.881979436934369,0.889428795881043,0.863393392320461,1.08846478962121,0.68254259720622,1.24349208849205
"sau",-1.14620328264674,-1.15767012449603,-1.1359657184205,-0.510459500908783,-0.709376315470188,-0.980663618055908,0.950869424869579,0.838097722821517,1.00074178719494,0.974255911997352,0.859108746464813,1.01726496664994
"Paip2",-1.01448036072987,-0.66158047071301,-0.906118344160805,-1.00455367142176,-0.84859339638541,-1.10270974885923,1.30568107351707,1.30401151249124,0.64949813023229,1.06335966027813,0.4201935027942,0.795292112957165
"Bin1",-1.16170040586934,-1.2465223366649,-1.36316191349462,-0.337373828887591,-0.29037624230768,-0.352194204560386,0.445716405656334,-0.0143018005166612,0.249386652157228,1.16010579047644,1.6476414930484,1.26278039096277
"Bap170",-1.30389737077067,-1.42999404583046,-1.36735720108325,-0.252644800790742,-0.622743924165128,0.128364337139068,0.379561617687643,0.629467860496112,0.317037010007523,1.37884513602344,0.873989040253244,1.26937234103323
"Cyp304a1",-0.263560167150863,0.106548424548215,-0.251398491520688,-0.990903664766774,-1.2867818874562,-1.59523590595553,1.1911769256485,1.29820155592013,1.56425656271412,0.252795258128109,-0.183075286892619,0.157976676783624
"CG33919",-0.896149516892276,-0.914654880346395,-0.879692929764043,-0.905711625026274,-1.17945458958991,-0.94936258447673,0.955973600551822,0.966101094778001,0.862758005456342,0.968858730316001,0.999652048500624,0.97168264649284
"TotA",-0.682583423660406,-0.524081221321413,-0.333398569830098,0.00480236341823743,0.225092331107734,-0.27681768618914,0.622942370933316,2.00484002763211,1.33069717185201,-1.52830482899293,-1.18039321485784,0.337204679908423
"LysD",0.122208547424498,-0.0100656710747875,-0.464738594773185,-1.11196779461016,-1.29839590814666,-1.63333193338915,1.34112301778571,1.53805572772355,0.892784246570845,0.117971671684258,0.0588869010013103,0.447469789803791
"CG17560",-1.18894887848898,-0.771335259891013,-0.431349692750738,-1.16982502952226,-1.34911728764439,-0.475429325290022,0.605663133031214,1.12570911949955,1.35028987659946,0.936271830038481,0.929995558395362,0.438075956023328
"CG12780",-1.25544242713887,-1.4531071699424,-1.28184965863449,0.31143119553786,1.14490618888444,-1.09663562627825,0.676548601075152,-0.0477471404980031,0.572177002734978,0.540237125432517,1.25657795883118,0.632903949995895
"LysE",0.170975984690568,-0.284719432530728,-0.577629111157152,-1.12133579211469,-1.07729185320901,-1.15004961341821,1.75544488900482,1.64125214380914,0.863587243007798,-0.165181115555386,-0.39194561833964,0.336892275812491
"Nazo",-0.325041087444889,-0.745210105412717,-1.02719576458413,-0.135934228074581,0.35114914273724,-0.92409743832269,1.73726920855734,1.07742739899434,0.895386492724617,-1.72373611155068,0.412840854715246,0.407141637660905
"tobi",-0.508933532363499,-0.668638058247243,-0.157487628873055,-0.992826251544183,-0.988224749135559,-1.04423602146407,2.17219951149365,1.18589846693904,0.628791730138563,-0.16181051353962,-0.245573786168124,0.78084083276409
"DptA",-1.12250024744078,-0.971285896943531,-1.40407087424814,0.729367268105072,0.189630917472225,0.478625926548547,-0.058357784462073,0.526603773225574,1.02550623646716,-0.859862651079328,-0.467106892712942,1.93345022506821
"CG43336",-0.638120746172862,-0.881290352431407,-1.01304110983437,-0.600802970687711,-0.619379505170919,-0.863077065070293,0.927221740428378,1.66974583260011,1.64998998828495,-0.311696164546538,-0.208163660893724,0.888614013494401
"Arc1",-0.926845292469594,-1.42731203568226,-0.922800269955698,-0.686098210478846,-0.374202523959146,-0.848704213483065,0.297668213461279,0.987903569512283,0.16460252443227,1.34085764324586,0.911352228909037,1.48357836646788
"mat",-1.51880387250636,-1.07227604216434,-0.905009280311159,1.15231725381275,1.66922573473591,0.800579791515198,0.890497614884089,0.249085152471864,0.110609176655806,-0.720217333975033,0.101058421103608,-0.757066616222327
"CG14292",0.169303769832526,0.0438629707668962,0.119492235951314,-1.20861797182314,-1.22620348644904,-1.48934412575194,1.44113438776357,1.28996124839109,1.03451237489649,0.368784787681189,-0.853768792402203,0.310882601143189
"CG30008",-0.517508998012644,-0.507978046568893,-0.669988747753268,-1.07205137212789,-1.28131231228904,-1.34189715993712,0.289306658883287,0.789720060229382,1.01350637539998,1.11294205854421,1.28320783137986,0.902053652252132
"CG14499",-0.603404240941857,-0.621828315349087,-0.587125774688273,-0.612908222376358,-0.610849044703561,-0.649512640741261,2.17135367180593,1.59174516162501,0.683310292966621,-0.603461332820289,-0.645216832115947,0.487897277339074
"TotX",0.338667263221901,0.122766579125126,-0.160246582400865,-0.625318605957913,-0.78597027308774,-0.713627901255838,0.848429698824882,1.66590039807376,1.45896237797041,-1.15326381996693,-1.46679933432996,0.470500199783166
