area_threshold_um2,file,condition,objects_n,zero_tmrm_objects_n,image_mean_object_ratio,image_median_object_ratio,image_ratio_of_integrated_sums,WT_reference_image_mean_ratio,image_mean_percent_of_WT,image_median_percent_of_WT,integrated_ratio_percent_of_WT
0.025,TMRM MTG CS WR ZZ.lif - 7.16.26 CS_Series001.tif,CS,672,4,1.3305379548972094,1.2483291460828958,2.0096023015227806,0.6166581899211537,215.76587753863006,202.43453609892182,325.8859339530915
0.05,TMRM MTG CS WR ZZ.lif - 7.16.26 CS_Series001.tif,CS,493,2,1.440336994192312,1.4141641641641642,2.01084185242841,0.6901124288698677,208.71048454394838,204.91793873065117,291.37887803605815
0.1,TMRM MTG CS WR ZZ.lif - 7.16.26 CS_Series001.tif,CS,390,2,1.505928537299789,1.5134306149691428,2.012103982913884,0.757252642966766,198.86738610774063,199.85808290345759,265.7110545076289
0.025,TMRM MTG CS WR ZZ.lif - 7.16.26 CS_Series003.tif,CS,255,0,0.7462606222198621,0.6257861635220126,1.6325901120525053,0.6166581899211537,121.01689954288605,101.48023228265662,264.7479817402975
0.05,TMRM MTG CS WR ZZ.lif - 7.16.26 CS_Series003.tif,CS,154,0,0.8944998295503801,0.8058200024980456,1.6373785757283696,0.6901124288698677,129.61653668739433,116.76648163222643,237.26258320108084
0.1,TMRM MTG CS WR ZZ.lif - 7.16.26 CS_Series003.tif,CS,104,0,1.0558342125063158,0.9679846585915761,1.6420235703215027,0.757252642966766,139.42958434186065,127.82849522970349,216.83959581684383
0.025,TMRM MTG CS WR ZZ.lif - 7.16.26 CS_Series005.tif,CS,462,0,0.4105825868362887,0.32142857142857145,1.3450999023584689,0.6166581899211537,66.58187526687776,52.124268627595704,218.12730688462182
0.05,TMRM MTG CS WR ZZ.lif - 7.16.26 CS_Series005.tif,CS,222,0,0.5436030255118618,0.43270629496044477,1.3568273279079952,0.6901124288698677,78.77021232642765,62.700840741130726,196.6096060796853
0.1,TMRM MTG CS WR ZZ.lif - 7.16.26 CS_Series005.tif,CS,133,0,0.6958411051130405,0.5588452997779423,1.3648648588496088,0.757252642966766,91.89021808981383,73.7990557006836,180.239035350519
0.025,TMRM MTG CS WR ZZ.lif - 7.16.26 CS_Series008_2.tif,CS,312,1,0.4561431511830678,0.3611206924871062,1.25861351864588,0.6166581899211537,73.97017645081314,58.56091727789738,204.1022951153551
0.05,TMRM MTG CS WR ZZ.lif - 7.16.26 CS_Series008_2.tif,CS,166,0,0.6086290838382912,0.47804921449139126,1.2663154798770107,0.6901124288698677,88.192743439643,69.27120777613693,183.49408399305844
0.1,TMRM MTG CS WR ZZ.lif - 7.16.26 CS_Series008_2.tif,CS,119,0,0.7193023148090976,0.6275658276608095,1.2709579520503378,0.757252642966766,94.98841918742119,82.87403596270471,167.83803448621535
0.025,TMRM MTG CS WR ZZ.lif - 7.16.26 CS_Series010_2.tif,CS,381,0,0.37745767987092144,0.30332681017612523,1.2446223598568436,0.6166581899211537,61.21019489243845,49.18880753289091,201.83342736694726
0.05,TMRM MTG CS WR ZZ.lif - 7.16.26 CS_Series010_2.tif,CS,194,0,0.5039389790732657,0.4161279512992,1.253172354894148,0.6901124288698677,73.02273629508734,60.29857366583785,181.58959358931568
0.1,TMRM MTG CS WR ZZ.lif - 7.16.26 CS_Series010_2.tif,CS,128,0,0.6128956070685068,0.5077219229291181,1.2590537117307123,0.757252642966766,80.93674056617394,67.04789050850508,166.2660042754013
0.025,TMRM MTG CS WR ZZ.lif - 7.16.26 CS_Series012_2.tif,CS,192,0,1.3294313131334679,1.188929714353443,2.379684559469278,0.6166581899211537,215.5864196506414,192.8020634097895,385.9000980386794
0.05,TMRM MTG CS WR ZZ.lif - 7.16.26 CS_Series012_2.tif,CS,115,0,1.6314759056176766,1.6220338983050848,2.382841580494475,0.6901124288698677,236.4072631309353,235.0390792064617,345.28309892876894
0.1,TMRM MTG CS WR ZZ.lif - 7.16.26 CS_Series012_2.tif,CS,74,0,1.939765241536446,1.9528827785085112,2.3857493164884698,0.757252642966766,256.15826627383296,257.8905199798977,315.05328355693496
0.025,TMRM MTG CS WR ZZ.lif - 7.16.26 CS_Series014_2.tif,CS,168,0,1.2979785576429301,1.145976360103627,2.3261611157611974,0.6166581899211537,210.4859027022556,185.83655886418248,377.22050137023587
0.05,TMRM MTG CS WR ZZ.lif - 7.16.26 CS_Series014_2.tif,CS,112,0,1.4975559774152063,1.4308965285521167,2.3284151112542375,0.6901124288698677,217.00173982775718,207.34252401385694,337.39648988314326
0.1,TMRM MTG CS WR ZZ.lif - 7.16.26 CS_Series014_2.tif,CS,85,0,1.661973059167266,1.6081184580035741,2.3306235831262256,0.757252642966766,219.4740519697606,212.3622113358739,307.7735818782096
0.025,TMRM MTG CS WR ZZ.lif - 7.16.26 CS_Series018.tif,CS,1834,694,0.4648530824339469,0.16666666666666666,1.403000017498644,0.6166581899211537,75.38261715025357,27.02739854764221,227.51664381170912
0.05,TMRM MTG CS WR ZZ.lif - 7.16.26 CS_Series018.tif,CS,1243,290,0.4522327256615475,0.2857142857142857,1.4048195999066027,0.6901124288698677,65.5302972013019,41.40112157988129,203.56387468736705
0.1,TMRM MTG CS WR ZZ.lif - 7.16.26 CS_Series018.tif,CS,781,62,0.552294975159673,0.4274193548387097,1.409124351521008,0.757252642966766,72.93404391378425,56.44342859790693,186.083781233214
0.025,TMRM MTG CS WR ZZ.lif - 7.16.26 CS_Series020.tif,CS,572,1,0.7947646901192443,0.6801360544217687,2.014393595222233,0.6166581899211537,128.88253218867706,110.29384925686811,326.6629111793349
0.05,TMRM MTG CS WR ZZ.lif - 7.16.26 CS_Series020.tif,CS,333,0,1.002369853499349,0.8952879581151832,2.0187467419898413,0.6901124288698677,145.24732660457022,129.7307396102563,292.52432756438736
0.1,TMRM MTG CS WR ZZ.lif - 7.16.26 CS_Series020.tif,CS,217,0,1.2013867118664592,1.1027397260273972,2.0222738460494614,0.757252642966766,158.65071228535618,145.623754009901,267.05404924393434
0.025,TMRM MTG CS WR ZZ.lif - 7.16.26 CS_Series022.tif,CS,887,16,0.6124906253453353,0.492176386913229,1.6451404994213006,0.6166581899211537,99.32416942741791,79.81348418905438,266.78320766835986
0.05,TMRM MTG CS WR ZZ.lif - 7.16.26 CS_Series022.tif,CS,525,1,0.7522018695159581,0.6321070234113713,1.65006320438529,0.6901124288698677,108.99700368355465,91.59478904712867,239.1006356873537
0.1,TMRM MTG CS WR ZZ.lif - 7.16.26 CS_Series022.tif,CS,301,0,0.9481449664751526,0.86810551558753,1.655525083112399,0.757252642966766,125.20853842919692,114.63882280905146,218.62255595786095
0.025,TMRM MTG CS WR ZZ.lif - 7.16.26 CS_Series026_2.tif,CS,193,0,0.8535027014679222,0.7546892239794042,1.7050578042033515,0.6166581899211537,138.40774604437695,122.38371861661305,276.49966092583014
0.05,TMRM MTG CS WR ZZ.lif - 7.16.26 CS_Series026_2.tif,CS,99,0,0.9895157100408918,0.8436781609195402,1.707574435859207,0.6901124288698677,143.38471075811933,122.25227740082187,247.43423888996486
0.1,TMRM MTG CS WR ZZ.lif - 7.16.26 CS_Series026_2.tif,CS,60,0,1.1675773455675549,1.1649441019599962,1.7097138698102055,0.757252642966766,154.1859716716495,153.8382352019236,225.77852790475382
0.025,TMRM MTG CS WR ZZ.lif - 7.16.26 CS_Series028_2.tif,CS,216,0,0.79135945088835,0.6819141039387278,1.5379921054430703,0.6166581899211537,128.3303236416164,110.58218557446186,249.40755358162338
0.05,TMRM MTG CS WR ZZ.lif - 7.16.26 CS_Series028_2.tif,CS,127,0,0.9431825436872779,0.8427201917315758,1.5408778431304744,0.6901124288698677,136.67085307126544,122.11346390494944,223.2792482311651
0.1,TMRM MTG CS WR ZZ.lif - 7.16.26 CS_Series028_2.tif,CS,91,0,1.0743879756867563,1.0806820432488882,1.5430492309229984,0.757252642966766,141.87972609478348,142.7108975169753,203.7694084338401
0.025,TMRM MTG CS WR ZZ.lif - 7.16.26 CS_Series030.tif,CS,59,0,0.7189374700858412,0.6218052410223228,1.1633783952748507,0.6166581899211537,116.58605720906179,100.83466840873827,188.65854930485898
0.05,TMRM MTG CS WR ZZ.lif - 7.16.26 CS_Series030.tif,CS,43,0,0.8443393346906071,0.8599242495382978,1.1675000284512094,0.6901124288698677,122.34808407570668,124.60639941618138,169.17533717848187
0.1,TMRM MTG CS WR ZZ.lif - 7.16.26 CS_Series030.tif,CS,37,0,0.9098329708259048,0.9686538159784669,1.1708677453464684,0.757252642966766,120.14919713734629,127.91686169406724,154.6204897693378
0.025,TMRM MTG CS WR ZZ.lif - 7.16.26 CS_Series030_2.tif,CS,25,0,1.1142532320955205,0.9733191035218783,1.6759887036179368,0.6166581899211537,180.69219712106468,157.83769994951783,271.7856879241691
0.05,TMRM MTG CS WR ZZ.lif - 7.16.26 CS_Series030_2.tif,CS,18,0,1.2866799995869078,1.2883561782865804,1.6772311596107687,0.6901124288698677,186.44498284054714,186.68786771401878,243.03737904813752
0.1,TMRM MTG CS WR ZZ.lif - 7.16.26 CS_Series030_2.tif,CS,15,0,1.3789675180143246,1.3449991348564332,1.6781809996068535,0.757252642966766,182.10138067155538,177.61564087607445,221.6144129959154
0.025,TMRM MTG CS WR ZZ.lif - 7.16.26 CS_Series032.tif,CS,3933,1034,0.6167314783485606,0.38372093023255816,1.596692363006435,0.6166581899211537,100.01188477321872,62.225871074804175,258.9266451177092
0.05,TMRM MTG CS WR ZZ.lif - 7.16.26 CS_Series032.tif,CS,2852,368,0.6527066795884162,0.4931031202435312,1.6019456237565277,0.6901124288698677,94.57976009174224,71.4525778141744,232.12820936725973
0.1,TMRM MTG CS WR ZZ.lif - 7.16.26 CS_Series032.tif,CS,1969,54,0.7674099320323727,0.6347569955817378,1.6145245869941085,0.757252642966766,101.34133425085352,83.82367516010054,213.20818117830802
0.025,TMRM MTG CS WR ZZ.lif - 7.16.26 CS_Series034.tif,CS,4742,1124,0.6439568575393818,0.4166666666666667,1.6590347416842655,0.6166581899211537,104.4268718172248,67.56849636910553,269.0363590073118
0.05,TMRM MTG CS WR ZZ.lif - 7.16.26 CS_Series034.tif,CS,3392,364,0.6725197036646955,0.5223723723723723,1.6645623501945432,0.6901124288698677,97.45074505700728,75.69380734495863,241.20161883194027
0.1,TMRM MTG CS WR ZZ.lif - 7.16.26 CS_Series034.tif,CS,2332,54,0.7606388713164486,0.6528083267871171,1.6767888536942637,0.757252642966766,100.44717286643147,86.20746759358188,221.43057132490642
0.025,TMRM MTG CS WR ZZ.lif - 7.16.26 CS_Series036.tif,CS,4657,1127,0.6411958388060595,0.4340277777777778,1.6915760510956,0.6166581899211537,103.97913289500673,70.38385038448493,274.3134006396454
0.05,TMRM MTG CS WR ZZ.lif - 7.16.26 CS_Series036.tif,CS,3405,403,0.6781035206753995,0.5345744680851063,1.6971744598158631,0.6901124288698677,98.25986206129717,77.4619389134215,245.92724153587065
0.1,TMRM MTG CS WR ZZ.lif - 7.16.26 CS_Series036.tif,CS,2327,57,0.7995661190694076,0.6825396825396826,1.7110824962326134,0.757252642966766,105.58776208913127,90.13368112729553,225.9592636783585
0.025,TMRM MTG CS WR ZZ.lif - 7.16.26 CS_Series038.tif,CS,286,0,0.5553149756799558,0.4914023545706371,1.4795130301118722,0.6166581899211537,90.05231500305845,79.6879637053824,239.9243299275801
0.05,TMRM MTG CS WR ZZ.lif - 7.16.26 CS_Series038.tif,CS,136,0,0.7060921054810242,0.5925302109832074,1.4927267995128637,0.6901124288698677,102.31551786964988,85.85995356633968,216.30197299262704
0.1,TMRM MTG CS WR ZZ.lif - 7.16.26 CS_Series038.tif,CS,80,0,0.8630061338035888,0.7456928799259147,1.5022630634366174,0.757252642966766,113.9654171984797,98.47346019215432,198.38333710544055
0.025,TMRM MTG CS WR ZZ.lif - 7.16.26 CS_Series040.tif,CS,104,0,0.7154507336435921,0.6674386450770523,1.3688219292739068,0.6166581899211537,116.02063271633027,108.23478159957487,221.97417493943038
0.05,TMRM MTG CS WR ZZ.lif - 7.16.26 CS_Series040.tif,CS,56,0,0.8796582464411902,0.7762027321083125,1.3785007908321152,0.6901124288698677,127.46593303379912,112.47482288928295,199.75017593721017
0.1,TMRM MTG CS WR ZZ.lif - 7.16.26 CS_Series040.tif,CS,40,0,0.9889007951211759,0.893153419386468,1.384900294882772,0.757252642966766,130.59060332187923,117.94655689642359,182.88484137302007
0.025,TMRM MTG CS WR ZZ.lif - 7.16.26 CS_Series042.tif,CS,111,0,0.5965549903943044,0.5305164319248826,1.3421799775362069,0.6166581899211537,96.73997688583043,86.03087425024141,217.6537990532192
0.05,TMRM MTG CS WR ZZ.lif - 7.16.26 CS_Series042.tif,CS,59,0,0.7234697939761905,0.6695383898946388,1.3519422445953526,0.6901124288698677,104.83361314922976,97.01874098849066,195.90173833114432
0.1,TMRM MTG CS WR ZZ.lif - 7.16.26 CS_Series042.tif,CS,44,0,0.7922391924408031,0.693361880102836,1.356985456222027,0.757252642966766,104.62019509591498,91.562820749807,179.1985104080491
0.025,TMRM MTG CS WR ZZ.lif - 7.16.26 CS_Series044.tif,CS,115,0,0.2973314102631837,0.21292217327459617,0.850765515369902,0.6166581899211537,48.21656715549349,34.52839462033587,137.9638719269554
0.05,TMRM MTG CS WR ZZ.lif - 7.16.26 CS_Series044.tif,CS,73,0,0.3800076541799521,0.2935613421427646,0.8614035095553375,0.6901124288698677,55.064600821963886,42.53819086022004,124.82074999952937
0.1,TMRM MTG CS WR ZZ.lif - 7.16.26 CS_Series044.tif,CS,59,0,0.42838186258680877,0.3370987207337678,0.8683875618786477,0.757252642966766,56.57053383247279,44.516017720728144,114.67606880531669
0.025,TMRM MTG CS WR ZZ.lif - 7.16.26 CS_Series048.tif,CS,588,0,2.427230516175378,2.5240101200194425,3.438738034997685,0.6166581899211537,393.61035916602765,409.3045647122864,557.6408602369108
0.05,TMRM MTG CS WR ZZ.lif - 7.16.26 CS_Series048.tif,CS,461,0,2.6293213103951185,2.7817460317460316,3.441566271760072,0.6901124288698677,380.9989793548438,403.08591982634425,498.69646274825135
0.1,TMRM MTG CS WR ZZ.lif - 7.16.26 CS_Series048.tif,CS,384,0,2.838068412675526,3.0476609085182087,3.445663681379607,0.757252642966766,374.78488045370636,402.4628948904128,455.0216778221042
0.025,TMRM MTG CS WR ZZ.lif - 7.16.26 CS_Series054.tif,CS,2544,440,0.9493576795293136,0.6272065004202858,2.0034333284206673,0.6166581899211537,153.95201021342132,101.71056035118593,324.88554618512853
0.05,TMRM MTG CS WR ZZ.lif - 7.16.26 CS_Series054.tif,CS,1821,128,0.9556537150589789,0.7407407407407407,2.005615001247957,0.6901124288698677,138.47797475897704,107.33624113302555,290.6214867818515
0.1,TMRM MTG CS WR ZZ.lif - 7.16.26 CS_Series054.tif,CS,1248,19,1.117065449709436,0.9515346069527091,2.010825247851926,0.757252642966766,147.51555641100106,125.65616188869078,265.54218945660074
0.025,TMRM MTG CS WR ZZ.lif - 7.16.26 CS_Series056.tif,CS,2658,447,0.9405520687781042,0.679622641509434,2.0762733658897017,0.6166581899211537,152.52405370605126,110.21059196446103,336.6976065225332
0.05,TMRM MTG CS WR ZZ.lif - 7.16.26 CS_Series056.tif,CS,1907,123,0.9729679458197289,0.8148148148148148,2.078765849246574,0.6901124288698677,140.98687476373482,118.06986524632812,301.22133181266906
0.1,TMRM MTG CS WR ZZ.lif - 7.16.26 CS_Series056.tif,CS,1333,8,1.1194597448182027,0.9725906277630415,2.084238149779704,0.757252642966766,147.83173822046774,128.4367425846972,275.23682738353625
0.025,TMRM MTG CS WR ZZ.lif - 7.16.26 CS_Series059.tif,CS,2306,378,0.9801820297532572,0.6792857142857143,2.1364575975458187,0.6166581899211537,158.95062220426908,110.15595436631891,346.4573458140542
0.05,TMRM MTG CS WR ZZ.lif - 7.16.26 CS_Series059.tif,CS,1708,102,0.9956027503419437,0.8,2.1395569818320443,0.6901124288698677,144.26674679259855,115.92314042366763,310.03020556169315
0.1,TMRM MTG CS WR ZZ.lif - 7.16.26 CS_Series059.tif,CS,1233,12,1.1384309857421002,0.974025974025974,2.1464700478185574,0.757252642966766,150.33701054933962,128.6262891351469,283.45494304372613
0.025,TMRM MTG CS WR ZZ.lif - 7.10.26 WR_Series029.tif,WR,56,0,0.3721083592934442,0.32240758027259997,0.5657355949392889,0.6166581899211537,60.34272557719896,52.28302900085106,91.74216838206985
0.05,TMRM MTG CS WR ZZ.lif - 7.10.26 WR_Series029.tif,WR,45,0,0.4075980434968747,0.3696415939636878,0.5666265232811815,0.6901124288698677,59.06255654087548,53.56251800435113,82.1064075326237
0.1,TMRM MTG CS WR ZZ.lif - 7.10.26 WR_Series029.tif,WR,41,0,0.4273236063950089,0.4041161663926436,0.5673884959526327,0.757252642966766,56.43078441044981,53.366095205610165,74.92723877855572
0.025,TMRM MTG CS WR ZZ.lif - 7.10.26 WR_Series031.tif,WR,201,0,0.45004296133327787,0.39925785567661454,0.7959227248941707,0.6166581899211537,72.98094287709381,64.74540713189326,129.07032419304085
0.05,TMRM MTG CS WR ZZ.lif - 7.10.26 WR_Series031.tif,WR,130,0,0.5403989972420865,0.46268153115435073,0.7994881499224209,0.6901124288698677,78.30593605262945,67.04437013430417,115.84897133814378
0.1,TMRM MTG CS WR ZZ.lif - 7.10.26 WR_Series031.tif,WR,97,0,0.5966530175078353,0.5257651335813325,0.8025085063382696,0.757252642966766,78.7918039044759,69.43061057159058,105.97632293420595
0.025,TMRM MTG CS WR ZZ.lif - 7.10.26 WR_Series033.tif,WR,328,0,0.2677711715223293,0.20216403728772692,0.6297153017311076,0.6166581899211537,43.42294903381835,32.783808046654784,102.11739858861249
0.05,TMRM MTG CS WR ZZ.lif - 7.10.26 WR_Series033.tif,WR,226,0,0.32588396485862303,0.24154508689754023,0.6345823918491434,0.6901124288698677,47.22186577515965,35.00083128383819,91.9534796508939
0.1,TMRM MTG CS WR ZZ.lif - 7.10.26 WR_Series033.tif,WR,160,0,0.3894516502164249,0.30858394209828593,0.6407470951642067,0.757252642966766,51.42955311329524,40.750460888365495,84.61470568843265
0.025,TMRM MTG CS WR ZZ.lif - 7.10.26 WR_Series035.tif,WR,87,0,0.2995643542316926,0.25926608888069336,0.5817209574167883,0.6166581899211537,48.578671154922155,42.04372748440157,94.33442495771726
0.05,TMRM MTG CS WR ZZ.lif - 7.10.26 WR_Series035.tif,WR,64,0,0.3478467255257464,0.2832886691247366,0.5842456272361354,0.6901124288698677,50.404356011292585,41.04964021422594,84.65948486001037
0.1,TMRM MTG CS WR ZZ.lif - 7.10.26 WR_Series035.tif,WR,55,0,0.37671667717455104,0.3001914862277213,0.586597861157188,0.757252642966766,49.747819393359876,39.642184020861315,77.46395692447024
0.025,TMRM MTG CS WR ZZ.lif - 7.10.26 WR_Series037.tif,WR,2314,92,1.145023334931942,1.0692219427159186,1.6916376994441893,0.6166581899211537,185.6820121173361,173.38972549000445,274.3233978065682
0.05,TMRM MTG CS WR ZZ.lif - 7.10.26 WR_Series037.tif,WR,1859,20,1.1496503288021929,1.1367781155015197,1.6941772362703846,0.6901124288698677,166.5888456298153,164.72361139229366,245.49293207844113
0.1,TMRM MTG CS WR ZZ.lif - 7.10.26 WR_Series037.tif,WR,1475,1,1.2391470984230133,1.2384196185286103,1.7005740915349727,0.757252642966766,163.63721010840982,163.541141788126,224.57156238801096
0.025,TMRM MTG CS WR ZZ.lif - 7.10.26 WR_Series039.tif,WR,396,0,0.8550613426468237,0.7468066007356768,1.4643982497476369,0.6166581899211537,138.66050214238658,121.10543781655832,237.4732507703945
0.05,TMRM MTG CS WR ZZ.lif - 7.10.26 WR_Series039.tif,WR,295,0,0.9841457087290826,0.9152478244419221,1.471379916121433,0.6901124288698677,142.60657648793915,132.62300259404654,213.20872579138643
0.1,TMRM MTG CS WR ZZ.lif - 7.10.26 WR_Series039.tif,WR,227,0,1.1112872002818246,1.0885844748858446,1.4808020582314094,0.757252642966766,146.75250203525488,143.75446358575735,195.54927565916705
0.025,TMRM MTG CS WR ZZ.lif - 7.10.26 WR_Series041.tif,WR,271,0,0.9270358054885666,0.8293153326904532,1.5705926745632346,0.6166581899211537,150.3321970972441,134.48541610977225,254.6942050285672
0.05,TMRM MTG CS WR ZZ.lif - 7.10.26 WR_Series041.tif,WR,198,0,1.0752632334344678,1.0392362492002836,1.5762160026787644,0.6901124288698677,155.80986350228838,150.58941206176263,228.39988627070306
0.1,TMRM MTG CS WR ZZ.lif - 7.10.26 WR_Series041.tif,WR,168,0,1.1601892507687033,1.1403173140177356,1.5806466981034468,0.757252642966766,153.21032703475439,150.58611212635697,208.73439172305638
