id,interval_seconds
2026-05-11 22:00:00|Monitor15.14.26.txt|01,300
2026-05-11 22:00:00|Monitor15.14.26.txt|02,300
2026-05-11 22:00:00|Monitor15.14.26.txt|03,300
2026-05-11 22:00:00|Monitor15.14.26.txt|04,300
2026-05-11 22:00:00|Monitor15.14.26.txt|05,300
2026-05-11 22:00:00|Monitor15.14.26.txt|06,300
2026-05-11 22:00:00|Monitor15.14.26.txt|07,300
2026-05-11 22:00:00|Monitor15.14.26.txt|09,300
2026-05-11 22:00:00|Monitor15.14.26.txt|12,300
2026-05-11 22:00:00|Monitor15.14.26.txt|13,300
2026-05-11 22:00:00|Monitor15.14.26.txt|14,300
2026-05-11 22:00:00|Monitor15.14.26.txt|15,300
2026-05-11 22:00:00|Monitor15.14.26.txt|16,300
2026-05-11 22:00:00|Monitor15.14.26.txt|17,300
2026-05-11 22:00:00|Monitor15.14.26.txt|18,300
2026-05-11 22:00:00|Monitor15.14.26.txt|19,300
2026-05-11 22:00:00|Monitor15.14.26.txt|20,300
2026-05-11 22:00:00|Monitor15.14.26.txt|21,300
2026-05-11 22:00:00|Monitor15.14.26.txt|22,300
2026-05-11 22:00:00|Monitor15.14.26.txt|23,300
2026-05-11 22:00:00|Monitor15.14.26.txt|24,300
2026-05-11 22:00:00|Monitor15.14.26.txt|25,300
2026-05-11 22:00:00|Monitor15.14.26.txt|27,300
2026-05-11 22:00:00|Monitor15.14.26.txt|28,300
2026-05-11 22:00:00|Monitor15.14.26.txt|29,300
2026-05-11 22:00:00|Monitor15.14.26.txt|31,300
2026-05-11 22:00:00|Monitor15.14.26.txt|32,300
2026-05-11 22:00:00|Monitor25.14.26.txt|01,300
2026-05-11 22:00:00|Monitor25.14.26.txt|02,300
2026-05-11 22:00:00|Monitor25.14.26.txt|03,300
2026-05-11 22:00:00|Monitor25.14.26.txt|04,300
2026-05-11 22:00:00|Monitor25.14.26.txt|06,300
2026-05-11 22:00:00|Monitor25.14.26.txt|09,300
2026-05-11 22:00:00|Monitor25.14.26.txt|13,300
2026-05-11 22:00:00|Monitor25.14.26.txt|19,300
2026-05-11 22:00:00|Monitor25.14.26.txt|26,300
2026-05-11 22:00:00|Monitor25.14.26.txt|27,300
2026-05-11 22:00:00|Monitor25.14.26.txt|28,300
2026-05-11 22:00:00|Monitor25.14.26.txt|29,300
2026-05-11 22:00:00|Monitor25.14.26.txt|30,300
2026-05-11 22:00:00|Monitor25.14.26.txt|31,300
2026-05-11 22:00:00|Monitor35.14.26.txt|01,300
2026-05-11 22:00:00|Monitor35.14.26.txt|02,300
2026-05-11 22:00:00|Monitor35.14.26.txt|03,300
2026-05-11 22:00:00|Monitor35.14.26.txt|04,300
2026-05-11 22:00:00|Monitor35.14.26.txt|05,300
2026-05-11 22:00:00|Monitor35.14.26.txt|06,300
2026-05-11 22:00:00|Monitor35.14.26.txt|08,300
2026-05-11 22:00:00|Monitor35.14.26.txt|11,300
2026-05-11 22:00:00|Monitor35.14.26.txt|12,300
2026-05-11 22:00:00|Monitor35.14.26.txt|13,300
2026-05-11 22:00:00|Monitor35.14.26.txt|14,300
2026-05-11 22:00:00|Monitor35.14.26.txt|15,300
2026-05-11 22:00:00|Monitor35.14.26.txt|18,300
2026-05-11 22:00:00|Monitor35.14.26.txt|19,300
2026-05-11 22:00:00|Monitor35.14.26.txt|20,300
2026-05-16 22:00:00|Monitor15.20.26.txt|02,300
2026-05-16 22:00:00|Monitor15.20.26.txt|04,300
2026-05-16 22:00:00|Monitor15.20.26.txt|05,300
2026-05-16 22:00:00|Monitor15.20.26.txt|06,300
2026-05-16 22:00:00|Monitor15.20.26.txt|07,300
2026-05-16 22:00:00|Monitor15.20.26.txt|08,300
2026-05-16 22:00:00|Monitor15.20.26.txt|09,300
2026-05-16 22:00:00|Monitor15.20.26.txt|12,300
2026-05-16 22:00:00|Monitor15.20.26.txt|14,300
2026-05-16 22:00:00|Monitor15.20.26.txt|15,300
2026-05-16 22:00:00|Monitor15.20.26.txt|17,300
2026-05-16 22:00:00|Monitor15.20.26.txt|18,300
2026-05-16 22:00:00|Monitor15.20.26.txt|20,300
2026-05-16 22:00:00|Monitor15.20.26.txt|21,300
2026-05-16 22:00:00|Monitor15.20.26.txt|22,300
2026-05-16 22:00:00|Monitor15.20.26.txt|24,300
2026-05-16 22:00:00|Monitor15.20.26.txt|25,300
2026-05-16 22:00:00|Monitor15.20.26.txt|26,300
2026-05-16 22:00:00|Monitor15.20.26.txt|27,300
2026-05-16 22:00:00|Monitor15.20.26.txt|28,300
2026-05-16 22:00:00|Monitor15.20.26.txt|29,300
2026-05-16 22:00:00|Monitor15.20.26.txt|31,300
2026-05-21 22:00:00|Monitor15.26.26.txt|01,300
2026-05-21 22:00:00|Monitor15.26.26.txt|03,300
2026-05-21 22:00:00|Monitor15.26.26.txt|04,300
2026-05-21 22:00:00|Monitor15.26.26.txt|05,300
2026-05-21 22:00:00|Monitor15.26.26.txt|06,300
2026-05-21 22:00:00|Monitor15.26.26.txt|08,300
2026-05-21 22:00:00|Monitor15.26.26.txt|09,300
2026-05-21 22:00:00|Monitor15.26.26.txt|10,300
2026-05-21 22:00:00|Monitor15.26.26.txt|11,300
2026-05-21 22:00:00|Monitor15.26.26.txt|12,300
2026-05-21 22:00:00|Monitor15.26.26.txt|13,300
2026-05-21 22:00:00|Monitor15.26.26.txt|14,300
2026-05-21 22:00:00|Monitor15.26.26.txt|15,300
2026-05-21 22:00:00|Monitor15.26.26.txt|16,300
2026-05-21 22:00:00|Monitor15.26.26.txt|18,300
2026-05-21 22:00:00|Monitor15.26.26.txt|19,300
2026-05-21 22:00:00|Monitor15.26.26.txt|20,300
2026-05-21 22:00:00|Monitor15.26.26.txt|21,300
2026-05-21 22:00:00|Monitor15.26.26.txt|22,300
2026-05-21 22:00:00|Monitor15.26.26.txt|23,300
2026-05-21 22:00:00|Monitor15.26.26.txt|24,300
2026-05-21 22:00:00|Monitor15.26.26.txt|25,300
2026-05-21 22:00:00|Monitor15.26.26.txt|26,300
2026-05-21 22:00:00|Monitor15.26.26.txt|27,300
2026-05-21 22:00:00|Monitor15.26.26.txt|28,300
2026-05-21 22:00:00|Monitor15.26.26.txt|29,300
2026-05-21 22:00:00|Monitor15.26.26.txt|30,300
2026-05-21 22:00:00|Monitor15.26.26.txt|32,300
2026-05-21 22:00:00|Monitor25.26.26.txt|01,300
2026-05-21 22:00:00|Monitor25.26.26.txt|02,300
2026-05-21 22:00:00|Monitor25.26.26.txt|03,300
2026-05-21 22:00:00|Monitor25.26.26.txt|04,300
2026-05-21 22:00:00|Monitor25.26.26.txt|05,300
2026-05-21 22:00:00|Monitor25.26.26.txt|06,300
2026-05-21 22:00:00|Monitor25.26.26.txt|07,300
2026-05-21 22:00:00|Monitor25.26.26.txt|08,300
2026-05-21 22:00:00|Monitor25.26.26.txt|09,300
2026-05-21 22:00:00|Monitor25.26.26.txt|10,300
2026-05-21 22:00:00|Monitor25.26.26.txt|11,300
2026-05-21 22:00:00|Monitor25.26.26.txt|12,300
2026-05-21 22:00:00|Monitor25.26.26.txt|13,300
2026-05-21 22:00:00|Monitor25.26.26.txt|14,300
2026-05-21 22:00:00|Monitor25.26.26.txt|15,300
2026-05-21 22:00:00|Monitor25.26.26.txt|16,300
2026-05-21 22:00:00|Monitor25.26.26.txt|17,300
2026-05-21 22:00:00|Monitor25.26.26.txt|18,300
2026-05-21 22:00:00|Monitor25.26.26.txt|19,300
2026-05-21 22:00:00|Monitor25.26.26.txt|20,300
2026-05-21 22:00:00|Monitor25.26.26.txt|21,300
2026-05-21 22:00:00|Monitor25.26.26.txt|22,300
2026-05-21 22:00:00|Monitor25.26.26.txt|25,300
2026-05-21 22:00:00|Monitor25.26.26.txt|26,300
2026-05-21 22:00:00|Monitor25.26.26.txt|27,300
2026-05-31 22:00:00|Monitor16.3.26.txt|01,300
2026-05-31 22:00:00|Monitor16.3.26.txt|03,300
2026-05-31 22:00:00|Monitor16.3.26.txt|05,300
2026-05-31 22:00:00|Monitor16.3.26.txt|07,300
2026-05-31 22:00:00|Monitor16.3.26.txt|09,300
2026-05-31 22:00:00|Monitor16.3.26.txt|10,300
2026-05-31 22:00:00|Monitor16.3.26.txt|11,300
2026-05-31 22:00:00|Monitor16.3.26.txt|13,300
2026-05-31 22:00:00|Monitor16.3.26.txt|14,300
2026-05-31 22:00:00|Monitor16.3.26.txt|16,300
2026-05-31 22:00:00|Monitor16.3.26.txt|17,300
2026-05-31 22:00:00|Monitor16.3.26.txt|18,300
2026-05-31 22:00:00|Monitor16.3.26.txt|19,300
2026-05-31 22:00:00|Monitor16.3.26.txt|20,300
2026-05-31 22:00:00|Monitor16.3.26.txt|21,300
2026-05-31 22:00:00|Monitor16.3.26.txt|22,300
2026-05-31 22:00:00|Monitor16.3.26.txt|23,300
2026-05-31 22:00:00|Monitor16.3.26.txt|24,300
2026-05-31 22:00:00|Monitor16.3.26.txt|26,300
2026-05-31 22:00:00|Monitor16.3.26.txt|28,300
2026-05-31 22:00:00|Monitor16.3.26.txt|29,300
2026-05-31 22:00:00|Monitor16.3.26.txt|31,300
2026-05-31 22:00:00|Monitor26.3.26.txt|01,300
2026-05-31 22:00:00|Monitor26.3.26.txt|02,300
2026-05-31 22:00:00|Monitor26.3.26.txt|03,300
2026-05-31 22:00:00|Monitor26.3.26.txt|04,300
2026-05-31 22:00:00|Monitor26.3.26.txt|05,300
2026-05-31 22:00:00|Monitor26.3.26.txt|06,300
2026-05-31 22:00:00|Monitor26.3.26.txt|07,300
2026-05-31 22:00:00|Monitor26.3.26.txt|09,300
2026-05-31 22:00:00|Monitor26.3.26.txt|10,300
2026-05-31 22:00:00|Monitor26.3.26.txt|11,300
2026-05-31 22:00:00|Monitor26.3.26.txt|12,300
2026-05-31 22:00:00|Monitor26.3.26.txt|13,300
2026-05-31 22:00:00|Monitor26.3.26.txt|14,300
2026-05-31 22:00:00|Monitor26.3.26.txt|15,300
2026-05-31 22:00:00|Monitor26.3.26.txt|16,300
2026-05-31 22:00:00|Monitor26.3.26.txt|17,300
2026-05-31 22:00:00|Monitor26.3.26.txt|18,300
2026-05-31 22:00:00|Monitor26.3.26.txt|19,300
2026-05-31 22:00:00|Monitor26.3.26.txt|20,300
2026-05-31 22:00:00|Monitor26.3.26.txt|21,300
2026-05-31 22:00:00|Monitor26.3.26.txt|22,300
2026-05-31 22:00:00|Monitor26.3.26.txt|23,300
2026-05-31 22:00:00|Monitor26.3.26.txt|24,300
2026-05-31 22:00:00|Monitor26.3.26.txt|25,300
2026-05-31 22:00:00|Monitor26.3.26.txt|26,300
2026-05-31 22:00:00|Monitor26.3.26.txt|28,300
2026-05-31 22:00:00|Monitor26.3.26.txt|30,300
2026-05-31 22:00:00|Monitor26.3.26.txt|31,300
2026-05-31 22:00:00|Monitor26.3.26.txt|32,300
2026-05-31 22:00:00|Monitor36.3.26.txt|01,300
2026-05-31 22:00:00|Monitor36.3.26.txt|02,300
2026-05-31 22:00:00|Monitor36.3.26.txt|03,300
2026-05-31 22:00:00|Monitor36.3.26.txt|04,300
