Condition,Source file,TIFF used for visual QC,Width px,Height px,Mode,Match status,8-bit min,8-bit max,8-bit mean,8-bit SD
CS,CS-Female -5000X -0020.dm3,/Users/picklejuice/Desktop/XinnanLab/Results/MIC60Results/TEM/5.29.24 TEM Data/C&B-edited mitochondria/CS Female 5000x/CS-Female -5000X -0020.tif,4074,4023,P,matched converted TIFF,12,254,205.57936575051824,27.47531329690418
CS,CS-Female -5000X -0022.dm3,/Users/picklejuice/Desktop/XinnanLab/Results/MIC60Results/TEM/5.29.24 TEM Data/C&B-edited mitochondria/CS Female 5000x/CS-Female -5000X -0022.tif,4080,4016,P,matched converted TIFF,41,254,206.4988176582884,27.004268960930844
CS,CS-Female -5000X -0023.dm3,/Users/picklejuice/Desktop/XinnanLab/Results/MIC60Results/TEM/5.29.24 TEM Data/C&B-edited mitochondria/CS Female 5000x/CS-Female -5000X -0023.tif,4081,4017,P,matched converted TIFF,26,254,203.9450410979995,29.137226558785557
CS,CS-Female -5000X -0024.dm3,/Users/picklejuice/Desktop/XinnanLab/Results/MIC60Results/TEM/5.29.24 TEM Data/C&B-edited mitochondria/CS Female 5000x/CS-Female -5000X -0024.tif,4063,4017,P,matched converted TIFF,13,254,209.38914505059134,26.35395964052551
CS,CS-Female -5000X -0025.dm3,/Users/picklejuice/Desktop/XinnanLab/Results/MIC60Results/TEM/5.29.24 TEM Data/C&B-edited mitochondria/CS Female 5000x/CS-Female -5000X -0025.tif,4089,4002,P,matched converted TIFF,35,254,209.31957663867993,26.187933134721277
CS,CS-Female -5000X -0027.dm3,/Users/picklejuice/Desktop/XinnanLab/Results/MIC60Results/TEM/5.29.24 TEM Data/C&B-edited mitochondria/CS Female 5000x/CS-Female -5000X -0027.tif,4058,3985,P,matched converted TIFF,39,254,206.90507057948332,24.365460931045856
CS,CS-Female -5000X -0028.dm3,/Users/picklejuice/Desktop/XinnanLab/Results/MIC60Results/TEM/5.29.24 TEM Data/C&B-edited mitochondria/CS Female 5000x/CS-Female -5000X -0028.tif,4056,3986,P,matched converted TIFF,0,254,220.69103913747426,20.853775550771665
CS,CS-Female -5000X -0029.dm3,/Users/picklejuice/Desktop/XinnanLab/Results/MIC60Results/TEM/5.29.24 TEM Data/C&B-edited mitochondria/CS Female 5000x/CS-Female -5000X -0029.tif,4082,3975,P,matched converted TIFF,6,254,205.5307681214351,26.1508782480303
CS,CS-Female -5000X -0030.dm3,/Users/picklejuice/Desktop/XinnanLab/Results/MIC60Results/TEM/5.29.24 TEM Data/C&B-edited mitochondria/CS Female 5000x/CS-Female -5000X -0030.tif,4088,3990,P,matched converted TIFF,0,254,129.5788696300438,50.13310964463959
CS,CS-Female -5000X -0031.dm3,/Users/picklejuice/Desktop/XinnanLab/Results/MIC60Results/TEM/5.29.24 TEM Data/C&B-edited mitochondria/CS Female 5000x/CS-Female -5000X -0031.tif,4023,4050,P,matched converted TIFF,0,254,216.72079683793496,62.87101324816808
CS,CS-Female -5000X -0032.dm3,/Users/picklejuice/Desktop/XinnanLab/Results/MIC60Results/TEM/5.29.24 TEM Data/C&B-edited mitochondria/CS Female 5000x/CS-Female -5000X -0032.tif,4019,4048,P,matched converted TIFF,0,254,200.4302789270727,71.19239680748561
CS,CS-Female -5000X -0033.dm3,/Users/picklejuice/Desktop/XinnanLab/Results/MIC60Results/TEM/5.29.24 TEM Data/C&B-edited mitochondria/CS Female 5000x/CS-Female -5000X -0033.tif,4016,4049,P,matched converted TIFF,0,254,216.1340120500955,74.64341637754345
CS,CS-Female -5000X -0034.dm3,/Users/picklejuice/Desktop/XinnanLab/Results/MIC60Results/TEM/5.29.24 TEM Data/C&B-edited mitochondria/CS Female 5000x/CS-Female -5000X -0034.tif,4025,4056,P,matched converted TIFF,0,254,191.59870722922562,105.77266183368229
CS,CS-Female -5000X -0035.dm3,/Users/picklejuice/Desktop/XinnanLab/Results/MIC60Results/TEM/5.29.24 TEM Data/C&B-edited mitochondria/CS Female 5000x/CS-Female -5000X -0035.tif,4022,4051,P,matched converted TIFF,0,254,202.40504355150597,78.99786109300449
CS,CS-Female -5000X -0036.dm3,/Users/picklejuice/Desktop/XinnanLab/Results/MIC60Results/TEM/5.29.24 TEM Data/C&B-edited mitochondria/CS Female 5000x/CS-Female -5000X -0036.tif,4027,4049,L,matched converted TIFF,0,255,221.94733744311597,51.30963334382009
CS,CS-Female -5000X -0037.dm3,/Users/picklejuice/Desktop/XinnanLab/Results/MIC60Results/TEM/5.29.24 TEM Data/C&B-edited mitochondria/CS Female 5000x/CS-Female -5000X -0037.tif,4032,4049,P,matched converted TIFF,0,254,232.76438559442465,49.38632295302707
CS,CS-Female -5000X -0038.dm3,/Users/picklejuice/Desktop/XinnanLab/Results/MIC60Results/TEM/5.29.24 TEM Data/C&B-edited mitochondria/CS Female 5000x/CS-Female -5000X -0038.tif,4040,4050,P,matched converted TIFF,0,254,231.0723929226256,53.63990995165516
CS,CS-Female -5000X -0039.dm3,/Users/picklejuice/Desktop/XinnanLab/Results/MIC60Results/TEM/5.29.24 TEM Data/C&B-edited mitochondria/CS Female 5000x/CS-Female -5000X -0039.tif,4050,4047,P,matched converted TIFF,0,254,218.2449281436943,76.2380116182865
CS,CS-Female -5000X -0040.dm3,/Users/picklejuice/Desktop/XinnanLab/Results/MIC60Results/TEM/5.29.24 TEM Data/C&B-edited mitochondria/CS Female 5000x/CS-Female -5000X -0040.tif,4064,4040,P,matched converted TIFF,0,254,206.29232575816636,77.83392647536651
CS,CS-Female -5000X -0041.dm3,/Users/picklejuice/Desktop/XinnanLab/Results/MIC60Results/TEM/5.29.24 TEM Data/C&B-edited mitochondria/CS Female 5000x/CS-Female -5000X -0041.tif,4065,4040,P,matched converted TIFF,0,254,201.27596105366993,69.6434291491055
CS,CS-Female -5000X -0042.dm3,/Users/picklejuice/Desktop/XinnanLab/Results/MIC60Results/TEM/5.29.24 TEM Data/C&B-edited mitochondria/CS Female 5000x/CS-Female -5000X -0042.tif,4064,4072,P,matched converted TIFF,0,254,211.1288211673151,65.16121614097617
CS,CS-Female -5000X -0044.dm3,/Users/picklejuice/Desktop/XinnanLab/Results/MIC60Results/TEM/5.29.24 TEM Data/C&B-edited mitochondria/CS Female 5000x/CS-Female -5000X -0044.tif,4064,4064,P,matched converted TIFF,0,254,204.85268516240157,83.15016967585396
CS,CS-Female -5000X -0045.dm3,/Users/picklejuice/Desktop/XinnanLab/Results/MIC60Results/TEM/5.29.24 TEM Data/C&B-edited mitochondria/CS Female 5000x/CS-Female -5000X -0045.tif,4061,4081,P,matched converted TIFF,10,254,212.48115612069094,24.952810893993394
CS,CS-Female -5000X -0046.dm3,/Users/picklejuice/Desktop/XinnanLab/Results/MIC60Results/TEM/5.29.24 TEM Data/C&B-edited mitochondria/CS Female 5000x/CS-Female -5000X -0046.tif,4070,4033,P,matched converted TIFF,0,254,211.66747210208652,26.306268396762505
WR,Cnt fmale_a_5000X_0005.tif,"/Users/picklejuice/Desktop/XinnanLab/Results/MIC60Results/FOR_PUBLICATION/Fig3K,L,M(TEM)/TEM images for analysis/Cnt fmale_a_5000X_0005.tif",1685,1675,P,source TIFF,0,254,138.0001073563931,41.422884211061174
WR,Cnt fmale_a_5000X_0008.tif,"/Users/picklejuice/Desktop/XinnanLab/Results/MIC60Results/FOR_PUBLICATION/Fig3K,L,M(TEM)/TEM images for analysis/Cnt fmale_a_5000X_0008.tif",1677,1685,P,source TIFF,0,254,117.98286858863769,39.721348636570546
WR,Cnt fmale_a_5000X_0010.tif,"/Users/picklejuice/Desktop/XinnanLab/Results/MIC60Results/FOR_PUBLICATION/Fig3K,L,M(TEM)/TEM images for analysis/Cnt fmale_a_5000X_0010.tif",1681,1685,P,source TIFF,0,254,120.86411402002129,39.31668008827226
WR,Cnt fmale_a_5000X_0012.tif,"/Users/picklejuice/Desktop/XinnanLab/Results/MIC60Results/FOR_PUBLICATION/Fig3K,L,M(TEM)/TEM images for analysis/Cnt fmale_a_5000X_0012.tif",1685,1681,P,source TIFF,0,254,166.3738787672309,42.19345152109528
WR,WR-F -5000X -0009.tif,"/Users/picklejuice/Desktop/XinnanLab/Results/MIC60Results/FOR_PUBLICATION/Fig3K,L,M(TEM)/TEM images for analysis/WR-F -5000X -0009.tif",4057,4082,P,source TIFF,0,254,149.12602397704345,43.77636705742198
WR,WR-F -5000X -0010.dm3,/Users/picklejuice/Desktop/XinnanLab/Results/MIC60Results/TEM/5.29.24 TEM Data/C&B-edited mitochondria/WR Female 5000x/WR-F -5000X -0010.tif,4049,4082,P,matched converted TIFF,0,254,142.7440301674405,41.491293788998554
WR,WR-F -5000X -0011.dm3,/Users/picklejuice/Desktop/XinnanLab/Results/MIC60Results/TEM/5.29.24 TEM Data/C&B-edited mitochondria/WR Female 5000x/WR-F -5000X -0011.tif,4057,4081,P,matched converted TIFF,0,254,146.74497078720853,42.811474331487474
WR,WR-F -5000X -0012.dm3,/Users/picklejuice/Desktop/XinnanLab/Results/MIC60Results/TEM/5.29.24 TEM Data/C&B-edited mitochondria/WR Female 5000x/WR-F -5000X -0012.tif,4063,4071,P,matched converted TIFF,0,254,144.68432934173043,41.821305202288464
WR,WR-F -5000X -0013.dm3,/Users/picklejuice/Desktop/XinnanLab/Results/MIC60Results/TEM/5.29.24 TEM Data/C&B-edited mitochondria/WR Female 5000x/WR-F -5000X -0013.tif,4070,4082,P,matched converted TIFF,0,254,149.47844218098996,41.135712617398454
WR,WR-F -5000X -0014.dm3,/Users/picklejuice/Desktop/XinnanLab/Results/MIC60Results/TEM/5.29.24 TEM Data/C&B-edited mitochondria/WR Female 5000x/WR-F -5000X -0014.tif,4072,4080,P,matched converted TIFF,0,254,160.3727227310374,36.26383080155398
