"acquisition","treatment","group","image","cell_index","area","mean_fluorescence","integrated_density","raw_integrated_density","ctcf","percent_wt","coverglass"
"20X NT","Untreated","WT","S029","1",752.111,6.733,5063.597,17518,5063.597,57.6932716015063,"20X NT | WT | coverglass 1"
"20X NT","Untreated","WT","S029","11",1014.28,14.972,15185.298,52535,12783.48296,145.651590050414,"20X NT | WT | coverglass 1"
"20X NT","Untreated","WT","S029","13",1195.515,6.602,7892.25,27304,7864.753155,89.6088965709986,"20X NT | WT | coverglass 1"
"20X NT","Untreated","WT","S029","15",812.523,18.411,14958.971,51752,14958.971,170.43851964958,"20X NT | WT | coverglass 1"
"20X NT","Untreated","WT","S029","17",1440.052,7.561,10887.976,37668,10887.976,124.054690086648,"20X NT | WT | coverglass 1"
"20X NT","Untreated","WT","S029","19",853.279,7.18,6126.437,21195,6080.359934,69.277996868072,"20X NT | WT | coverglass 1"
"20X NT","Untreated","WT","S029","21",1036.826,9.877,10241.079,35430,10234.858044,116.613238560524,"20X NT | WT | coverglass 1"
"20X NT","Untreated","WT","S029","23",646.896,3.026,1957.743,6773,1957.743,22.3060007786851,"20X NT | WT | coverglass 1"
"20X NT","Untreated","WT","S029","3",371.142,13.71,5088.166,17603,5086.31029,57.9520607604646,"20X NT | WT | coverglass 1"
"20X NT","Untreated","WT","S029","5",517.112,12.275,6347.561,21960,6347.561,72.3224144378253,"20X NT | WT | coverglass 1"
"20X NT","Untreated","WT","S029","7",899.238,3.502,3148.922,10894,3148.922,35.8779761102549,"20X NT | WT | coverglass 1"
"20X NT","Untreated","WT","S029","9",957.626,13.53,12956.714,44825,11617.952852,132.371851342816,"20X NT | WT | coverglass 1"
"20X NT","Untreated","WT","S034","1",835.358,21.388,17866.825,61812,17866.825,203.569831363275,"20X NT | WT | coverglass 1"
"20X NT","Untreated","WT","S034","11",929.299,7.859,7303.453,25267,7303.453,83.2135925425811,"20X NT | WT | coverglass 1"
"20X NT","Untreated","WT","S034","13",941.439,6.854,6452.487,22323,6452.487,73.5179132534024,"20X NT | WT | coverglass 1"
"20X NT","Untreated","WT","S034","15",507.574,5.738,2912.479,10076,2881.516986,32.8312348114694,"20X NT | WT | coverglass 1"
"20X NT","Untreated","WT","S034","17",557.58,12.713,7088.688,24524,7079.20914,80.6586179030215,"20X NT | WT | coverglass 1"
"20X NT","Untreated","WT","S034","19",638.514,6.498,4148.75,14353,4126.40201,47.0151222342401,"20X NT | WT | coverglass 1"
"20X NT","Untreated","WT","S034","21",450.342,22.643,10197.144,35278,10197.144,116.183534817575,"20X NT | WT | coverglass 1"
"20X NT","Untreated","WT","S034","23",340.502,29.303,9977.754,34519,9873.560388,112.496709579921,"20X NT | WT | coverglass 1"
"20X NT","Untreated","WT","S034","25",699.504,14.336,10028.338,34694,10010.150896,114.052985341248,"20X NT | WT | coverglass 1"
"20X NT","Untreated","WT","S034","27",747.486,12.169,9096.148,31469,8744.082094,99.6277356106756,"20X NT | WT | coverglass 1"
"20X NT","Untreated","WT","S034","29",932.768,14.798,13803.345,47754,13803.345,157.271625702893,"20X NT | WT | coverglass 1"
"20X NT","Untreated","WT","S034","3",592.555,9.555,5661.932,19588,5635.85958,64.2134785720292,"20X NT | WT | coverglass 1"
"20X NT","Untreated","WT","S034","31",787.953,6.697,5277.205,18257,5103.85534,58.1519643734322,"20X NT | WT | coverglass 1"
"20X NT","Untreated","WT","S034","5",1506.534,15.07,22703.227,78544,22703.227,258.674503824386,"20X NT | WT | coverglass 1"
"20X NT","Untreated","WT","S034","7",667.419,16.106,10749.52,37189,10586.669764,120.62168732028,"20X NT | WT | coverglass 1"
"20X NT","Untreated","WT","S034","9",608.742,17,10348.606,35802,10348.606,117.909252386195,"20X NT | WT | coverglass 1"
"20X NT","Untreated","WT","S039","1",164.181,21.044,3455.027,11953,3455.027,39.3656547117667,"20X NT | WT | coverglass 1"
"20X NT","Untreated","WT","S039","11",1441.209,2.046,2948.321,10200,2932.467701,33.411753647938,"20X NT | WT | coverglass 1"
"20X NT","Untreated","WT","S039","3",359.869,7.716,2776.914,9607,2752.802777,31.3646994969864,"20X NT | WT | coverglass 1"
"20X NT","Untreated","WT","S039","5",1261.708,9.831,12403.47,42911,12403.47,141.321823895372,"20X NT | WT | coverglass 1"
"20X NT","Untreated","WT","S039","7",1033.069,9.937,10265.36,35514,10265.36,116.960769699334,"20X NT | WT | coverglass 1"
"20X NT","Untreated","WT","S039","9",618.569,0.56,346.572,1199,346.572,3.94874878973924,"20X NT | WT | coverglass 1"
"20X NT","Untreated","WT","S044","1",720.604,21.115,15215.648,52640,15207.000752,173.264504388767,"20X NT | WT | coverglass 1"
"20X NT","Untreated","WT","S044","11",731.877,18.664,13659.686,47257,13659.686,155.634813431893,"20X NT | WT | coverglass 1"
"20X NT","Untreated","WT","S044","3",711.355,22.543,16035.975,55478,16029.572805,182.636670630578,"20X NT | WT | coverglass 1"
"20X NT","Untreated","WT","S044","5",712.511,25.108,17889.949,61892,17884.248912,203.768354762229,"20X NT | WT | coverglass 1"
"20X NT","Untreated","WT","S044","7",531.565,16.337,8683.961,30043,8683.961,98.9427319255242,"20X NT | WT | coverglass 1"
"20X NT","Untreated","WT","S044","9",222.569,10.169,2263.27,7830,2250.138429,25.6374761904006,"20X NT | WT | coverglass 1"
"20X NT","Untreated","WT","S049","1",700.66,12.413,8697.547,30090,8691.24106,99.0256789844736,"20X NT | WT | coverglass 1"
"20X NT","Untreated","CS","S058","1",1179.328,5.54,6533.71,22604,6500.688816,74.0671118689664,"20X NT | CS | coverglass 1"
"20X NT","Untreated","CS","S058","11",2158.633,4.933,10648.063,36838,10648.063,121.321185451557,"20X NT | CS | coverglass 1"
"20X NT","Untreated","CS","S058","13",1145.798,8.961,10267.383,35521,10233.00906,116.592171730739,"20X NT | CS | coverglass 1"
"20X NT","Untreated","CS","S058","15",362.47,4.995,1810.616,6264,1810.616,20.6296750420764,"20X NT | CS | coverglass 1"
"20X NT","Untreated","CS","S058","17",3310.213,4.882,16158.822,55903,16158.822,184.109301432637,"20X NT | CS | coverglass 1"
"20X NT","Untreated","CS","S058","19",1292.925,6.588,8517.757,29468,8517.757,97.0490479468709,"20X NT | CS | coverglass 1"
"20X NT","Untreated","CS","S058","21",2060.356,6.481,13353.292,46197,13347.110932,152.07341660391,"20X NT | CS | coverglass 1"
"20X NT","Untreated","CS","S058","23",955.025,3.7,3533.649,12225,3533.649,40.2614527778161,"20X NT | CS | coverglass 1"
"20X NT","Untreated","CS","S058","25",869.177,5.578,4847.965,16772,4835.796522,55.0977738065185,"20X NT | CS | coverglass 1"
"20X NT","Untreated","CS","S058","27",1571.86,8.265,12990.822,44943,12990.822,148.013955686605,"20X NT | CS | coverglass 1"
"20X NT","Untreated","CS","S058","3",391.953,17.465,6845.307,23682,6845.307,77.9935994011159,"20X NT | CS | coverglass 1"
"20X NT","Untreated","CS","S058","5",601.226,5.995,3604.178,12469,3604.178,41.0650413637131,"20X NT | CS | coverglass 1"
"20X NT","Untreated","CS","S058","7",1205.632,1.405,1694.128,5861,1685.688576,19.2062853443361,"20X NT | CS | coverglass 1"
"20X NT","Untreated","CS","S058","9",621.171,6.516,4047.582,14003,4047.582,46.1170680951442,"20X NT | CS | coverglass 1"
"20X NT","Untreated","CS","S061","1",1112.269,3.139,3491.159,12078,3491.159,39.7773330679837,"20X NT | CS | coverglass 1"
"20X NT","Untreated","CS","S061","11",319.401,1.506,480.981,1664,480.981,5.48016903165163,"20X NT | CS | coverglass 1"
"20X NT","Untreated","CS","S061","13",605.273,2.075,1255.927,4345,1255.927,14.3096967477201,"20X NT | CS | coverglass 1"
"20X NT","Untreated","CS","S061","15",263.326,4.973,1309.401,4530,1309.401,14.9189652194446,"20X NT | CS | coverglass 1"
"20X NT","Untreated","CS","S061","3",1564.055,3.921,6132.218,21215,6094.68068,69.4411636225579,"20X NT | CS | coverglass 1"
"20X NT","Untreated","CS","S061","5",339.346,2.026,687.652,2379,687.652,7.83492319853239,"20X NT | CS | coverglass 1"
"20X NT","Untreated","CS","S061","7",275.755,1.13,311.597,1078,311.597,3.55025298245784,"20X NT | CS | coverglass 1"
"20X NT","Untreated","CS","S061","9",734.768,9.481,6966.42,24101,6966.42,79.3735285707306,"20X NT | CS | coverglass 1"
"20X NT","Untreated","CS","S065","1",606.429,4.161,2523.416,8730,2523.416,28.7511278349337,"20X NT | CS | coverglass 1"
"20X NT","Untreated","CS","S065","3",296.855,1.481,439.647,1521,436.381595,4.97201532472539,"20X NT | CS | coverglass 1"
"20X NT","Untreated","CS","S065","5",644.584,0.844,544.283,1883,544.283,6.20141511006556,"20X NT | CS | coverglass 1"
"20X NT","Untreated","CS","S065","7",480.403,0.93,446.873,1546,446.873,5.09155159077232,"20X NT | CS | coverglass 1"
"20X NT","Untreated","CS","S065","9",1548.158,0.278,430.686,1490,430.686,4.90712123673475,"20X NT | CS | coverglass 1"
"20X NT","Untreated","CS","S068","1",321.714,10.198,3280.73,11350,3279.12143,37.3614336360713,"20X NT | CS | coverglass 1"
"20X NT","Untreated","CS","S068","11",385.016,15.339,5905.602,20431,5905.602,67.2868516503977,"20X NT | CS | coverglass 1"
"20X NT","Untreated","CS","S068","13",422.882,15.344,6488.907,22449,6488.907,73.9328730046873,"20X NT | CS | coverglass 1"
"20X NT","Untreated","CS","S068","3",531.565,11.478,6101.29,21108,6101.29,69.5164684491192,"20X NT | CS | coverglass 1"
"20X NT","Untreated","CS","S068","5",387.907,17.18,6664.072,23055,6651.271069,75.7828058352705,"20X NT | CS | coverglass 1"
"20X NT","Untreated","CS","S068","7",647.474,12.061,7809.293,27017,7809.293,88.9769983797569,"20X NT | CS | coverglass 1"
"20X NT","Untreated","CS","S068","9",798.937,6.65,5313.048,18381,5313.048,60.535449660753,"20X NT | CS | coverglass 1"
"20X NT","Untreated","CS","S072","1",522.893,3.814,1994.163,6899,1994.163,22.72096052997,"20X NT | CS | coverglass 1"
"20X NT","Untreated","CS","S072","11",1096.66,8.374,9183.731,31772,9121.22138,103.924759891794,"20X NT | CS | coverglass 1"
"20X NT","Untreated","CS","S072","13",979.016,9.512,9312.069,32216,9301.299824,105.976525579163,"20X NT | CS | coverglass 1"
"20X NT","Untreated","CS","S072","15",1041.451,10.501,10936.247,37835,10936.247,124.604676966227,"20X NT | CS | coverglass 1"
"20X NT","Untreated","CS","S072","3",896.058,7.463,6687.486,23136,6687.486,76.1954290851486,"20X NT | CS | coverglass 1"
"20X NT","Untreated","CS","S072","5",689.387,13.612,9384.043,32465,9348.194876,106.510835274781,"20X NT | CS | coverglass 1"
"20X NT","Untreated","CS","S072","7",819.46,1.559,1277.317,4419,1265.84456,14.4226947771257,"20X NT | CS | coverglass 1"
"20X NT","Untreated","CS","S072","9",974.391,4.586,4469.019,15461,4469.019,50.9188086965239,"20X NT | CS | coverglass 1"
"63X 20mM","20 mM H2O2","WT","S055","1",456982.079,0.51,233052.145,113381,231681.1988,72.3406467318127,"63X 20mM | WT | coverglass 1"
"63X 20mM","20 mM H2O2","WT","S062","1",95986.709,1.201,115256.815,56073,115211.6245,35.9739308606891,"63X 20mM | WT | coverglass 1"
"63X 20mM","20 mM H2O2","WT","S064","1",232871.263,1.057,246159.928,119758,244529.8292,76.3525313282681,"63X 20mM | WT | coverglass 1"
"63X 20mM","20 mM H2O2","WT","S069","2",89220.076,2.267,202254.919,98398,201451.938316,62.9017959965627,"63X 20mM | WT | coverglass 1"
"63X 20mM","20 mM H2O2","WT","S069","3",154802.155,3.23,500044.342,243274,498651.122605,155.699922521249,"63X 20mM | WT | coverglass 1"
"63X 20mM","20 mM H2O2","WT","S069","4",63199.78,2.619,165502.973,80518,164934.17498,51.4994093091302,"63X 20mM | WT | coverglass 1"
"63X 20mM","20 mM H2O2","WT","S074","2",148004.689,1.837,271871.901,132267,271279.882244,84.7050266854065,"63X 20mM | WT | coverglass 1"
"63X 20mM","20 mM H2O2","WT","S074","3",85760.706,1.283,110027.679,53529,109684.636176,34.2481718784831,"63X 20mM | WT | coverglass 1"
"63X 20mM","20 mM H2O2","WT","S074","4",68171.982,1.202,81970.405,39879,81697.717072,25.5094747442283,"63X 20mM | WT | coverglass 1"
"63X 20mM","20 mM H2O2","WT","S081","2",55312.912,12.171,673222.47,327526,672890.592528,210.104837575746,"63X 20mM | WT | coverglass 1"
"63X 20mM","20 mM H2O2","WT","S081","3",124089.204,3.619,449095.21,218487,448350.674776,139.99400013438,"63X 20mM | WT | coverglass 1"
"63X 20mM","20 mM H2O2","WT","S081","4",128335.821,1.171,150224.606,73085,149454.591074,46.6660300073161,"63X 20mM | WT | coverglass 1"
"63X 20mM","20 mM H2O2","WT","S085","1",262953.183,3.071,807434.902,392821,784295.0219,244.890001461729,"63X 20mM | WT | coverglass 1"
"63X 20mM","20 mM H2O2","CS","S021","1",73641.608,3.294,242612.173,118032,240697.4912,75.1559136879466,"63X 20mM | CS | coverglass 1"
"63X 20mM","20 mM H2O2","CS","S021","3",69991.08,2.014,140956.456,68576,140886.4649,43.9906994586254,"63X 20mM | CS | coverglass 1"
"63X 20mM","20 mM H2O2","CS","S026","1",294804.869,0.869,256069.387,124579,255792.7126,79.8692787960863,"63X 20mM | CS | coverglass 1"
"63X 20mM","20 mM H2O2","CS","S031","1",32283.337,1.512,48801.157,23742,48782.25511,15.2318785554112,"63X 20mM | CS | coverglass 1"
"63X 20mM","20 mM H2O2","CS","S031","3",70402.175,3.391,238754.041,116155,238613.2367,74.5051214818261,"63X 20mM | CS | coverglass 1"
"63X 20mM","20 mM H2O2","CS","S031","5",98578.667,2.004,197527.32,96098,197469.0994,61.6581856194393,"63X 20mM | CS | coverglass 1"
"63X 20mM","20 mM H2O2","CS","S037","1",55695.23,6.65,370395.07,180199,370375.2202,115.646772813166,"63X 20mM | CS | coverglass 1"
"63X 20mM","20 mM H2O2","CS","S037","3",70311.734,4.765,335034.683,162996,334964.3713,104.590011522148,"63X 20mM | CS | coverglass 1"
"63X 20mM","20 mM H2O2","CS","S042","2",135178.507,4.205,568425.982,276542,568155.624986,177.402161110557,"63X 20mM | CS | coverglass 1"
"63X 20mM","20 mM H2O2","CS","S042","3",74400.08,5.124,381200.718,185456,381051.91784,118.980488350888,"63X 20mM | CS | coverglass 1"
"63X 20mM","20 mM H2O2","CS","S042","4",50190.66,2.55,127982.279,62264,127881.89768,39.9301248067554,"63X 20mM | CS | coverglass 1"
"63X 20mM","20 mM H2O2","CS","S042","5",53138.216,0.601,31931.85,15535,31825.573568,9.93728704117878,"63X 20mM | CS | coverglass 1"
"63X 20mM","20 mM H2O2","CS","S098","2",74338.415,3.137,233163.141,113435,232865.78734,72.7105252611822,"63X 20mM | CS | coverglass 1"
"63X 20mM","20 mM H2O2","CS","S098","3",75686.809,0.99,74942.726,36460,74639.978764,23.3057510225406,"63X 20mM | CS | coverglass 1"
"63X 20mM","20 mM H2O2","CS","S098","4",77734.065,2.55,198220.016,96435,197909.07974,61.7955660478458,"63X 20mM | CS | coverglass 1"
