source_collection_path,archive_path,sha256
Analysis_Backup_2026-09-18/reviewed_analysis/code/01_rnaseq.R,LOCAL_RECOVERY_REFERENCE/code/a4ccb40a0398_01_rnaseq.R,a4ccb40a0398a35d58c96d6b6447754828c233464aafc9602724abd2a8535d1f
Analysis_Backup_2026-09-18/reviewed_analysis/code/02_sleep_activity.R,LOCAL_RECOVERY_REFERENCE/code/75cb5f8644a0_02_sleep_activity.R,75cb5f8644a0e37df0208f31205d02fc498c09a09ced6b70939a7dd53e15d7fb
Analysis_Backup_2026-09-18/reviewed_analysis/code/03_assay_audit.py,LOCAL_RECOVERY_REFERENCE/code/23d8a3379388_03_assay_audit.py,23d8a3379388d936845d2582c7a9b7dc615c70d7c597f600c53571f0b6b9e8b0
Analysis_Backup_2026-09-18/reviewed_analysis/code/04_review_panels.R,LOCAL_RECOVERY_REFERENCE/code/5c0d3608c60a_04_review_panels.R,5c0d3608c60abebe4b730a34d8a37c25be00b717d81bbf333fdc55ceebf47c4e
Analysis_Backup_2026-09-18/reviewed_analysis/code/05_go_pathways.R,LOCAL_RECOVERY_REFERENCE/code/4c0c54e63e69_05_go_pathways.R,4c0c54e63e692cc002029d98b9ce135e592b08ee0217db901eec6e55f8962e4b
Analysis_Backup_2026-09-18/reviewed_analysis/code/06_additional_assays.R,LOCAL_RECOVERY_REFERENCE/code/5dbf7476b95d_06_additional_assays.R,5dbf7476b95d00281c2421fd7224b8a6c476b088f295ddc74b000619b1dc0fc0
Analysis_Backup_2026-09-18/reviewed_analysis/code/07_rnaseq_displays.R,LOCAL_RECOVERY_REFERENCE/code/73131ff87018_07_rnaseq_displays.R,73131ff87018693281959dc5db49260ba1e3fc8d52f430b2ec0b3cdca0045b6c
Analysis_Backup_2026-09-18/reviewed_analysis/code/08_full_figure_panels.py,LOCAL_RECOVERY_REFERENCE/code/4d0a449c3247_08_full_figure_panels.py,4d0a449c324788e465c1fe6b24d93c9df4f219f124ac13840b8f090a80b1f990
Analysis_Backup_2026-09-18/reviewed_analysis/code/09_schematics.R,LOCAL_RECOVERY_REFERENCE/code/4fbe63e81bec_09_schematics.R,4fbe63e81bec7b50388c211167bd8603f06d5c895df5ca29ab3acecaf8d06a70
Analysis_Backup_2026-09-18/reviewed_analysis/code/figure_style.R,LOCAL_RECOVERY_REFERENCE/code/907862b2b6db_figure_style.R,907862b2b6dbc5a6ab0355e7cc416a02d930be4d1ae0b03f9348764b7cacd712
Analysis_Backup_2026-09-18/reviewed_analysis/code/generate_mtt_figure.R,LOCAL_RECOVERY_REFERENCE/code/a73386c3f016_generate_mtt_figure.R,a73386c3f016d64b52affbe4fd8fea8113f76def606f80c3616b1dcf0ddc1b8e
Analysis_Backup_2026-09-18/reviewed_analysis/code/generate_sleep_activity_figures.R,LOCAL_RECOVERY_REFERENCE/code/ae346dc7f047_generate_sleep_activity_figures.R,ae346dc7f047c1b131b38a38a8eaf5ac5853c7a74f5e3caf214bda932b8ee59a
Analysis_Backup_2026-09-18/reviewed_analysis/code/go_analysis_config.R,LOCAL_RECOVERY_REFERENCE/code/555d33955fc6_go_analysis_config.R,555d33955fc6fff84779e65ae497dc4eee4d8f9eaf6f050542051dab94a08bc9
Analysis_Backup_2026-09-18/reviewed_analysis/code/go_highlight_config.R,LOCAL_RECOVERY_REFERENCE/code/6bc840abf9dc_go_highlight_config.R,6bc840abf9dc163602257160ed184f4ee3c55ec46d885250dd9bb4a411521b26
Analysis_Backup_2026-09-18/reviewed_analysis/code/illustrator_notation/edit_fig3.jsx,LOCAL_RECOVERY_REFERENCE/code/2cdb25915509_edit_fig3.jsx,2cdb2591550936a838664f9df9c35ff31089ad264b730e9f5ee50055072fc667
Analysis_Backup_2026-09-18/reviewed_analysis/code/illustrator_notation/edit_remaining.jsx,LOCAL_RECOVERY_REFERENCE/code/b47949d006c0_edit_remaining.jsx,b47949d006c02e21e5321251fb16267fed63750a707a011d77d6a68d1adebcff
Analysis_Backup_2026-09-18/reviewed_analysis/code/illustrator_notation/finish_labels.jsx,LOCAL_RECOVERY_REFERENCE/code/efd12d198833_finish_labels.jsx,efd12d198833b26c3f93aeabc8432d87abb8a538f75e5d181e8b060f41f78281
Analysis_Backup_2026-09-18/reviewed_analysis/code/illustrator_notation/inspect.jsx,LOCAL_RECOVERY_REFERENCE/code/2ef9b5122a83_inspect.jsx,2ef9b5122a831e1b42e8abd6a3b7f32ed9ede5c5ea550f7ae99c5a1d8d0b2fdb
Analysis_Backup_2026-09-18/reviewed_analysis/code/illustrator_notation/inspect_artwork.jsx,LOCAL_RECOVERY_REFERENCE/code/04f28e2ea28a_inspect_artwork.jsx,04f28e2ea28a021bb0623c3323a24cf3d66aa3ebe2cd6253d852925e6a6f4e03
Analysis_Backup_2026-09-18/reviewed_analysis/code/illustrator_notation/refine_fig3.jsx,LOCAL_RECOVERY_REFERENCE/code/124f42b01748_refine_fig3.jsx,124f42b01748b78e9e1698d74d2b1db60f822aa1bd7731fafa6a0b208140ca60
Analysis_Backup_2026-09-18/reviewed_analysis/code/label_layout.R,LOCAL_RECOVERY_REFERENCE/code/3f41c0ed1217_label_layout.R,3f41c0ed12171392132c1cfc19f947bbefce7406bc3c01e870fa662cc534053f
Analysis_Backup_2026-09-18/reviewed_analysis/code/sleep_cohort_sensitivity.R,LOCAL_RECOVERY_REFERENCE/code/451d60b97b85_sleep_cohort_sensitivity.R,451d60b97b85b162c348ca9d4b130299138efc4f3e1a471e35b4647b56f844bd
Analysis_Backup_2026-09-18/reviewed_analysis/figure_sources/Figure_1C_Female_Volcano/Code/figure_style.R,LOCAL_RECOVERY_REFERENCE/code/cb0a60e73f43_figure_style.R,cb0a60e73f438bdebb1c26921cd2d867e0854f1e443abcf4e5605629d4fba26f
Analysis_Backup_2026-09-18/reviewed_analysis/figure_sources/Figure_1C_Female_Volcano/Code/generate_consistent_female_male_volcano_plots.R,LOCAL_RECOVERY_REFERENCE/code/ab04a806e2e7_generate_consistent_female_male_volcano_plots.R,ab04a806e2e76854aa23083a895f30cfcf348078e56bd2b97a53a293d640a212
Analysis_Backup_2026-09-18/reviewed_analysis/figure_sources/Figure_2C_Program_Ring/Code/plot_expanded_paper_style.R,LOCAL_RECOVERY_REFERENCE/code/d056ef20dfb8_plot_expanded_paper_style.R,d056ef20dfb810a52ff445da6c60639862b94a83bf5e392c8d69c9590111221b
Analysis_Backup_2026-09-18/reviewed_analysis/figure_sources/Figure_2D_STRING_Network/Code/figure_style.R,LOCAL_RECOVERY_REFERENCE/code/cb0a60e73f43_figure_style.R,cb0a60e73f438bdebb1c26921cd2d867e0854f1e443abcf4e5605629d4fba26f
Analysis_Backup_2026-09-18/reviewed_analysis/figure_sources/Figure_2D_STRING_Network/Code/plot_compact_landscape.R,LOCAL_RECOVERY_REFERENCE/code/79d8bd6a90f7_plot_compact_landscape.R,79d8bd6a90f7bf712d0a1202fc066aabdc5f6db6a7736894157df5d118ab6e4a
Analysis_Backup_2026-09-18/reviewed_analysis/figure_sources/Figure_2E_Individual_Genes/Code/figure_style.R,LOCAL_RECOVERY_REFERENCE/code/cb0a60e73f43_figure_style.R,cb0a60e73f438bdebb1c26921cd2d867e0854f1e443abcf4e5605629d4fba26f
Analysis_Backup_2026-09-18/reviewed_analysis/figure_sources/Figure_2E_Individual_Genes/Code/generate_figure2E.R,LOCAL_RECOVERY_REFERENCE/code/20d373c1268d_generate_figure2E.R,20d373c1268dd471ac8466796facccace85d0cea333dcc37eddbede957fefa16
Analysis_Backup_2026-09-18/reviewed_analysis/figure_sources/Figure_3H_Locomotion/Code/figure_style.R,LOCAL_RECOVERY_REFERENCE/code/b77a8dc63127_figure_style.R,b77a8dc63127a8e10f92629bcd6f6c0a95645f9ccd6397af30c985d66d475eac
Analysis_Backup_2026-09-18/reviewed_analysis/figure_sources/Figure_3H_Locomotion/Code/generate_fig3h_locomotion.R,LOCAL_RECOVERY_REFERENCE/code/b662aee1d5e7_generate_fig3h_locomotion.R,b662aee1d5e7b8bf27ffebc8f5962c2d0abfc35e94f70a56008085ad1e0c1af8
Analysis_Backup_2026-09-18/reviewed_analysis/figure_sources/Figure_3K_Mitochondrial_Area/Code/figure_style.R,LOCAL_RECOVERY_REFERENCE/code/cb0a60e73f43_figure_style.R,cb0a60e73f438bdebb1c26921cd2d867e0854f1e443abcf4e5605629d4fba26f
Analysis_Backup_2026-09-18/reviewed_analysis/figure_sources/Figure_3K_Mitochondrial_Area/Code/generate_tem_figures_2026_08_04.R,LOCAL_RECOVERY_REFERENCE/code/e12b8d6cdbd6_generate_tem_figures_2026_08_04.R,e12b8d6cdbd6e653448b6b4e560748da329613ed712c7bcb2cc34e6472bce438
Analysis_Backup_2026-09-18/reviewed_analysis/figure_sources/Figure_3O_TMRM/Code/figure_style.R,LOCAL_RECOVERY_REFERENCE/code/cb0a60e73f43_figure_style.R,cb0a60e73f438bdebb1c26921cd2d867e0854f1e443abcf4e5605629d4fba26f
Analysis_Backup_2026-09-18/reviewed_analysis/figure_sources/Figure_3O_TMRM/Code/generate_tmrm_image_means_only_figure.R,LOCAL_RECOVERY_REFERENCE/code/cd073f574880_generate_tmrm_image_means_only_figure.R,cd073f5748804b81b28e3861ce8a1c7ab7191f33a8aec5d1645347d7231a8183
Analysis_Backup_2026-09-18/reviewed_analysis/figure_sources/Figure_4B_MTT/Code/figure_style.R,LOCAL_RECOVERY_REFERENCE/code/cb0a60e73f43_figure_style.R,cb0a60e73f438bdebb1c26921cd2d867e0854f1e443abcf4e5605629d4fba26f
Analysis_Backup_2026-09-18/reviewed_analysis/figure_sources/Figure_4B_MTT/Code/generate_mtt_figure.R,LOCAL_RECOVERY_REFERENCE/code/483f0fe1c90f_generate_mtt_figure.R,483f0fe1c90fcc89b8ba267b97b9b5cf925a5d360d394794ce7e834d9a99a940
Analysis_Backup_2026-09-18/reviewed_analysis/figure_sources/Figure_4C_TIMELESS/Code/figure_style.R,LOCAL_RECOVERY_REFERENCE/code/0901db483744_figure_style.R,0901db483744e90fd813dc8800f7a880d295686e3c8688198c864f45d67bb251
Analysis_Backup_2026-09-18/reviewed_analysis/figure_sources/Figure_4C_TIMELESS/Code/generate_Fig4A_compact.R,LOCAL_RECOVERY_REFERENCE/code/b6e59a54481b_generate_Fig4A_compact.R,b6e59a54481b86e1cdf0a807eb5922bb9dd3ea3e59b762f48240dd9d623230ae
Analysis_Backup_2026-09-18/reviewed_analysis/figure_sources/Figure_S1B_Western_Blot/Code/figure_style.R,LOCAL_RECOVERY_REFERENCE/code/cb0a60e73f43_figure_style.R,cb0a60e73f438bdebb1c26921cd2d867e0854f1e443abcf4e5605629d4fba26f
Analysis_Backup_2026-09-18/reviewed_analysis/figure_sources/Figure_S1B_Western_Blot/Code/generate_MIC60_WB_anti_myc_quantification.R,LOCAL_RECOVERY_REFERENCE/code/d8f97e312460_generate_MIC60_WB_anti_myc_quantification.R,d8f97e312460ce62f8ec96b551ea66d79473e29e355eeab8b6facfcc9b2963c5
Analysis_Backup_2026-09-18/reviewed_analysis/figure_sources/Figure_S2_KEGG_GSEA/Code/figure_style.R,LOCAL_RECOVERY_REFERENCE/code/cb0a60e73f43_figure_style.R,cb0a60e73f438bdebb1c26921cd2d867e0854f1e443abcf4e5605629d4fba26f
Analysis_Backup_2026-09-18/reviewed_analysis/figure_sources/Figure_S2_KEGG_GSEA/Code/plot_FigS2_KEGG_GSEA.R,LOCAL_RECOVERY_REFERENCE/code/4b8ea3045b59_plot_FigS2_KEGG_GSEA.R,4b8ea3045b5998a4739c8b65b8090c2cc0171d92c34db85febed7c7e0f974550
Analysis_Backup_2026-09-18/reviewed_analysis/figure_sources/Figure_S3_Selected_Gene_Modules/Code/figure_style.R,LOCAL_RECOVERY_REFERENCE/code/cb0a60e73f43_figure_style.R,cb0a60e73f438bdebb1c26921cd2d867e0854f1e443abcf4e5605629d4fba26f
Analysis_Backup_2026-09-18/reviewed_analysis/figure_sources/Figure_S3_Selected_Gene_Modules/Code/generate_FigS3_selected_modules.R,LOCAL_RECOVERY_REFERENCE/code/13451506fd90_generate_FigS3_selected_modules.R,13451506fd9087ccee054f8416ebb9ab3f958cd9b7504d45ee0bea4e7f62293c
Analysis_Backup_2026-09-18/reviewed_analysis/figure_sources/Figure_S4B_Transfection_Efficiency/Code/figure_style.R,LOCAL_RECOVERY_REFERENCE/code/cb0a60e73f43_figure_style.R,cb0a60e73f438bdebb1c26921cd2d867e0854f1e443abcf4e5605629d4fba26f
Analysis_Backup_2026-09-18/reviewed_analysis/figure_sources/Figure_S4B_Transfection_Efficiency/Code/generate_transfection_efficiency.R,LOCAL_RECOVERY_REFERENCE/code/ce884555374f_generate_transfection_efficiency.R,ce884555374f0386dad3500ada36ff9bec0357eaf0e8ef0c86a37d3b74560e5a
Analysis_Backup_2026-09-18/reviewed_analysis/figure_sources/Figure_S4_Stress/Code/figure_style.R,LOCAL_RECOVERY_REFERENCE/code/cb0a60e73f43_figure_style.R,cb0a60e73f438bdebb1c26921cd2d867e0854f1e443abcf4e5605629d4fba26f
Analysis_Backup_2026-09-18/reviewed_analysis/figure_sources/Figure_S4_Stress/Code/generate_FigS4A_stress.R,LOCAL_RECOVERY_REFERENCE/code/be8f14c9f4c0_generate_FigS4A_stress.R,be8f14c9f4c0b27d8003a3f3e44e8a6df36dce09eeaea827eaec7102ac1acf14
Analysis_Backup_2026-09-18/reviewed_analysis/publish_figures.py,LOCAL_RECOVERY_REFERENCE/code/a781cdf65bb0_publish_figures.py,a781cdf65bb0e4ee781b2e2ff89e3ef6ec36e9600fa226d651ef8e461ac3c65c
Analysis_Backup_2026-09-18/reviewed_analysis/run_all.py,LOCAL_RECOVERY_REFERENCE/code/5177a3af5a02_run_all.py,5177a3af5a02e456f97c35fa5fa19e49f6b45a19c38e1f4d537899b02cf619ae
Analysis_Backup_2026-09-18/reviewed_analysis/validate_outputs.py,LOCAL_RECOVERY_REFERENCE/code/1be6fd0518f8_validate_outputs.py,1be6fd0518f81818c256960d9d195936ae1c3543e4d727662bbba9ed46f3f099
Analysis_Backup_2026-09-18/tables/Table_S1_Code/Code/build_table_s1.mjs,LOCAL_RECOVERY_REFERENCE/code/02f03840dd8f_build_table_s1.mjs,02f03840dd8f081a82dd8aa29c5f40f21403d6ce3242b4dabead2b0929147456
Analysis_Backup_2026-09-18/tables/Table_S1_Code/Code/prepare_table_s1_inputs.R,LOCAL_RECOVERY_REFERENCE/code/b09999d911a2_prepare_table_s1_inputs.R,b09999d911a225b36d8ce138b0f369d91cff7d104e72e2e726fbec60a241b433
Bar_Box_Widening_2026-09-23_1447/Fig3_Sleep_Rebuild/code/01_rnaseq.R,LOCAL_RECOVERY_REFERENCE/code/a4ccb40a0398_01_rnaseq.R,a4ccb40a0398a35d58c96d6b6447754828c233464aafc9602724abd2a8535d1f
Bar_Box_Widening_2026-09-23_1447/Fig3_Sleep_Rebuild/code/02_sleep_activity.R,LOCAL_RECOVERY_REFERENCE/code/5eaa0470c36e_02_sleep_activity.R,5eaa0470c36ee16c7b02a4c4e68ec4edbf40754f9203546cc057af43ffbbfd95
Bar_Box_Widening_2026-09-23_1447/Fig3_Sleep_Rebuild/code/03_assay_audit.py,LOCAL_RECOVERY_REFERENCE/code/23d8a3379388_03_assay_audit.py,23d8a3379388d936845d2582c7a9b7dc615c70d7c597f600c53571f0b6b9e8b0
Bar_Box_Widening_2026-09-23_1447/Fig3_Sleep_Rebuild/code/04_review_panels.R,LOCAL_RECOVERY_REFERENCE/code/5c0d3608c60a_04_review_panels.R,5c0d3608c60abebe4b730a34d8a37c25be00b717d81bbf333fdc55ceebf47c4e
Bar_Box_Widening_2026-09-23_1447/Fig3_Sleep_Rebuild/code/05_go_pathways.R,LOCAL_RECOVERY_REFERENCE/code/509bd08ed954_05_go_pathways.R,509bd08ed95477336702be90390208c85188d9057e8adb60dab2629dd8db0c5d
Bar_Box_Widening_2026-09-23_1447/Fig3_Sleep_Rebuild/code/06_additional_assays.R,LOCAL_RECOVERY_REFERENCE/code/5dbf7476b95d_06_additional_assays.R,5dbf7476b95d00281c2421fd7224b8a6c476b088f295ddc74b000619b1dc0fc0
Bar_Box_Widening_2026-09-23_1447/Fig3_Sleep_Rebuild/code/07_rnaseq_displays.R,LOCAL_RECOVERY_REFERENCE/code/73131ff87018_07_rnaseq_displays.R,73131ff87018693281959dc5db49260ba1e3fc8d52f430b2ec0b3cdca0045b6c
Bar_Box_Widening_2026-09-23_1447/Fig3_Sleep_Rebuild/code/08_full_figure_panels.py,LOCAL_RECOVERY_REFERENCE/code/4d0a449c3247_08_full_figure_panels.py,4d0a449c324788e465c1fe6b24d93c9df4f219f124ac13840b8f090a80b1f990
Bar_Box_Widening_2026-09-23_1447/Fig3_Sleep_Rebuild/code/09_schematics.R,LOCAL_RECOVERY_REFERENCE/code/4fbe63e81bec_09_schematics.R,4fbe63e81bec7b50388c211167bd8603f06d5c895df5ca29ab3acecaf8d06a70
Bar_Box_Widening_2026-09-23_1447/Fig3_Sleep_Rebuild/code/figure_style.R,LOCAL_RECOVERY_REFERENCE/code/5aa724030d34_figure_style.R,5aa724030d34676c56acdc08383e25828e56e0f08430ff4714e5e909f574d44e
Bar_Box_Widening_2026-09-23_1447/Fig3_Sleep_Rebuild/code/generate_mtt_figure.R,LOCAL_RECOVERY_REFERENCE/code/a73386c3f016_generate_mtt_figure.R,a73386c3f016d64b52affbe4fd8fea8113f76def606f80c3616b1dcf0ddc1b8e
Bar_Box_Widening_2026-09-23_1447/Fig3_Sleep_Rebuild/code/generate_sleep_activity_figures.R,LOCAL_RECOVERY_REFERENCE/code/9e768ee2c3dd_generate_sleep_activity_figures.R,9e768ee2c3dd2ec27b91d306e8ecf19b7274d4dcbb8f970e0248826c9245ffbb
Bar_Box_Widening_2026-09-23_1447/Fig3_Sleep_Rebuild/code/go_analysis_config.R,LOCAL_RECOVERY_REFERENCE/code/555d33955fc6_go_analysis_config.R,555d33955fc6fff84779e65ae497dc4eee4d8f9eaf6f050542051dab94a08bc9
Bar_Box_Widening_2026-09-23_1447/Fig3_Sleep_Rebuild/code/go_highlight_config.R,LOCAL_RECOVERY_REFERENCE/code/6bc840abf9dc_go_highlight_config.R,6bc840abf9dc163602257160ed184f4ee3c55ec46d885250dd9bb4a411521b26
Bar_Box_Widening_2026-09-23_1447/Fig3_Sleep_Rebuild/code/illustrator_notation/edit_fig3.jsx,LOCAL_RECOVERY_REFERENCE/code/2cdb25915509_edit_fig3.jsx,2cdb2591550936a838664f9df9c35ff31089ad264b730e9f5ee50055072fc667
Bar_Box_Widening_2026-09-23_1447/Fig3_Sleep_Rebuild/code/illustrator_notation/edit_remaining.jsx,LOCAL_RECOVERY_REFERENCE/code/b47949d006c0_edit_remaining.jsx,b47949d006c02e21e5321251fb16267fed63750a707a011d77d6a68d1adebcff
Bar_Box_Widening_2026-09-23_1447/Fig3_Sleep_Rebuild/code/illustrator_notation/finish_labels.jsx,LOCAL_RECOVERY_REFERENCE/code/efd12d198833_finish_labels.jsx,efd12d198833b26c3f93aeabc8432d87abb8a538f75e5d181e8b060f41f78281
Bar_Box_Widening_2026-09-23_1447/Fig3_Sleep_Rebuild/code/illustrator_notation/inspect.jsx,LOCAL_RECOVERY_REFERENCE/code/2ef9b5122a83_inspect.jsx,2ef9b5122a831e1b42e8abd6a3b7f32ed9ede5c5ea550f7ae99c5a1d8d0b2fdb
Bar_Box_Widening_2026-09-23_1447/Fig3_Sleep_Rebuild/code/illustrator_notation/inspect_artwork.jsx,LOCAL_RECOVERY_REFERENCE/code/04f28e2ea28a_inspect_artwork.jsx,04f28e2ea28a021bb0623c3323a24cf3d66aa3ebe2cd6253d852925e6a6f4e03
Bar_Box_Widening_2026-09-23_1447/Fig3_Sleep_Rebuild/code/illustrator_notation/refine_fig3.jsx,LOCAL_RECOVERY_REFERENCE/code/124f42b01748_refine_fig3.jsx,124f42b01748b78e9e1698d74d2b1db60f822aa1bd7731fafa6a0b208140ca60
Bar_Box_Widening_2026-09-23_1447/Fig3_Sleep_Rebuild/code/label_layout.R,LOCAL_RECOVERY_REFERENCE/code/3f41c0ed1217_label_layout.R,3f41c0ed12171392132c1cfc19f947bbefce7406bc3c01e870fa662cc534053f
Bar_Box_Widening_2026-09-23_1447/Fig3_Sleep_Rebuild/code/sleep_cohort_sensitivity.R,LOCAL_RECOVERY_REFERENCE/code/8744c068970d_sleep_cohort_sensitivity.R,8744c068970d189b722d8014bd29cc2b74def31793f350042ac3ea173ba8def9
Bar_Box_Widening_2026-09-23_1447/GO_Rebuild/code/01_rnaseq.R,LOCAL_RECOVERY_REFERENCE/code/a4ccb40a0398_01_rnaseq.R,a4ccb40a0398a35d58c96d6b6447754828c233464aafc9602724abd2a8535d1f
Bar_Box_Widening_2026-09-23_1447/GO_Rebuild/code/02_sleep_activity.R,LOCAL_RECOVERY_REFERENCE/code/5eaa0470c36e_02_sleep_activity.R,5eaa0470c36ee16c7b02a4c4e68ec4edbf40754f9203546cc057af43ffbbfd95
Bar_Box_Widening_2026-09-23_1447/GO_Rebuild/code/03_assay_audit.py,LOCAL_RECOVERY_REFERENCE/code/23d8a3379388_03_assay_audit.py,23d8a3379388d936845d2582c7a9b7dc615c70d7c597f600c53571f0b6b9e8b0
Bar_Box_Widening_2026-09-23_1447/GO_Rebuild/code/04_review_panels.R,LOCAL_RECOVERY_REFERENCE/code/5c0d3608c60a_04_review_panels.R,5c0d3608c60abebe4b730a34d8a37c25be00b717d81bbf333fdc55ceebf47c4e
Bar_Box_Widening_2026-09-23_1447/GO_Rebuild/code/05_go_pathways.R,LOCAL_RECOVERY_REFERENCE/code/4947248905bc_05_go_pathways.R,4947248905bce9d06954678757a5838a8a6e15242114f1851e60ced013c91731
Bar_Box_Widening_2026-09-23_1447/GO_Rebuild/code/06_additional_assays.R,LOCAL_RECOVERY_REFERENCE/code/5dbf7476b95d_06_additional_assays.R,5dbf7476b95d00281c2421fd7224b8a6c476b088f295ddc74b000619b1dc0fc0
Bar_Box_Widening_2026-09-23_1447/GO_Rebuild/code/07_rnaseq_displays.R,LOCAL_RECOVERY_REFERENCE/code/73131ff87018_07_rnaseq_displays.R,73131ff87018693281959dc5db49260ba1e3fc8d52f430b2ec0b3cdca0045b6c
Bar_Box_Widening_2026-09-23_1447/GO_Rebuild/code/08_full_figure_panels.py,LOCAL_RECOVERY_REFERENCE/code/4d0a449c3247_08_full_figure_panels.py,4d0a449c324788e465c1fe6b24d93c9df4f219f124ac13840b8f090a80b1f990
Bar_Box_Widening_2026-09-23_1447/GO_Rebuild/code/09_schematics.R,LOCAL_RECOVERY_REFERENCE/code/4fbe63e81bec_09_schematics.R,4fbe63e81bec7b50388c211167bd8603f06d5c895df5ca29ab3acecaf8d06a70
Bar_Box_Widening_2026-09-23_1447/GO_Rebuild/code/figure_style.R,LOCAL_RECOVERY_REFERENCE/code/907862b2b6db_figure_style.R,907862b2b6dbc5a6ab0355e7cc416a02d930be4d1ae0b03f9348764b7cacd712
Bar_Box_Widening_2026-09-23_1447/GO_Rebuild/code/generate_mtt_figure.R,LOCAL_RECOVERY_REFERENCE/code/a73386c3f016_generate_mtt_figure.R,a73386c3f016d64b52affbe4fd8fea8113f76def606f80c3616b1dcf0ddc1b8e
Bar_Box_Widening_2026-09-23_1447/GO_Rebuild/code/generate_sleep_activity_figures.R,LOCAL_RECOVERY_REFERENCE/code/e459ad26a2be_generate_sleep_activity_figures.R,e459ad26a2be3e2be6296705b3c1f3f78c4aa313146c3e8d467c27219df34dac
Bar_Box_Widening_2026-09-23_1447/GO_Rebuild/code/go_analysis_config.R,LOCAL_RECOVERY_REFERENCE/code/555d33955fc6_go_analysis_config.R,555d33955fc6fff84779e65ae497dc4eee4d8f9eaf6f050542051dab94a08bc9
Bar_Box_Widening_2026-09-23_1447/GO_Rebuild/code/go_highlight_config.R,LOCAL_RECOVERY_REFERENCE/code/6bc840abf9dc_go_highlight_config.R,6bc840abf9dc163602257160ed184f4ee3c55ec46d885250dd9bb4a411521b26
Bar_Box_Widening_2026-09-23_1447/GO_Rebuild/code/illustrator_notation/edit_fig3.jsx,LOCAL_RECOVERY_REFERENCE/code/2cdb25915509_edit_fig3.jsx,2cdb2591550936a838664f9df9c35ff31089ad264b730e9f5ee50055072fc667
Bar_Box_Widening_2026-09-23_1447/GO_Rebuild/code/illustrator_notation/edit_remaining.jsx,LOCAL_RECOVERY_REFERENCE/code/b47949d006c0_edit_remaining.jsx,b47949d006c02e21e5321251fb16267fed63750a707a011d77d6a68d1adebcff
Bar_Box_Widening_2026-09-23_1447/GO_Rebuild/code/illustrator_notation/finish_labels.jsx,LOCAL_RECOVERY_REFERENCE/code/efd12d198833_finish_labels.jsx,efd12d198833b26c3f93aeabc8432d87abb8a538f75e5d181e8b060f41f78281
Bar_Box_Widening_2026-09-23_1447/GO_Rebuild/code/illustrator_notation/inspect.jsx,LOCAL_RECOVERY_REFERENCE/code/2ef9b5122a83_inspect.jsx,2ef9b5122a831e1b42e8abd6a3b7f32ed9ede5c5ea550f7ae99c5a1d8d0b2fdb
Bar_Box_Widening_2026-09-23_1447/GO_Rebuild/code/illustrator_notation/inspect_artwork.jsx,LOCAL_RECOVERY_REFERENCE/code/04f28e2ea28a_inspect_artwork.jsx,04f28e2ea28a021bb0623c3323a24cf3d66aa3ebe2cd6253d852925e6a6f4e03
Bar_Box_Widening_2026-09-23_1447/GO_Rebuild/code/illustrator_notation/refine_fig3.jsx,LOCAL_RECOVERY_REFERENCE/code/124f42b01748_refine_fig3.jsx,124f42b01748b78e9e1698d74d2b1db60f822aa1bd7731fafa6a0b208140ca60
Bar_Box_Widening_2026-09-23_1447/GO_Rebuild/code/label_layout.R,LOCAL_RECOVERY_REFERENCE/code/3f41c0ed1217_label_layout.R,3f41c0ed12171392132c1cfc19f947bbefce7406bc3c01e870fa662cc534053f
Bar_Box_Widening_2026-09-23_1447/GO_Rebuild/code/sleep_cohort_sensitivity.R,LOCAL_RECOVERY_REFERENCE/code/8744c068970d_sleep_cohort_sensitivity.R,8744c068970d189b722d8014bd29cc2b74def31793f350042ac3ea173ba8def9
Bar_Box_Widening_2026-09-23_1447/inspect_box_panels.jsx,LOCAL_RECOVERY_REFERENCE/code/720a14963fb3_inspect_box_panels.jsx,720a14963fb3fbf9752e8d4a2689b1484a7884f4c16aa711192f11e1d87954ff
Bar_Box_Widening_2026-09-23_1447/inspect_fig2d.jsx,LOCAL_RECOVERY_REFERENCE/code/58449bf56b51_inspect_fig2d.jsx,58449bf56b51512a7a2b76affb1e16ae034804c7627a3e049230e234aee9f584
Bar_Box_Widening_2026-09-23_1447/stage_figs1e_go.jsx,LOCAL_RECOVERY_REFERENCE/code/b4dfdce22520_stage_figs1e_go.jsx,b4dfdce2252084a2ff6121c56ba18b1a1b1652b7164bd3cc8a8109cedcba27cb
Bar_Box_Widening_2026-09-23_1447/widen_fig2d.jsx,LOCAL_RECOVERY_REFERENCE/code/d42c62c0ded7_widen_fig2d.jsx,d42c62c0ded74b43ca6ed3143031d30f833b66fe6c443af1e75015cfa037c956
Bar_Box_Widening_2026-09-23_1447/widen_figs1b.jsx,LOCAL_RECOVERY_REFERENCE/code/8ddaa582b996_widen_figs1b.jsx,8ddaa582b996210c1d539c7f7bd02ffe4b1506480dff8ec5a0783c07e4484c3c
Bar_Text_Standardization_2026-09-22/inspect_chart_hierarchy.jsx,LOCAL_RECOVERY_REFERENCE/code/877f5d6d486d_inspect_chart_hierarchy.jsx,877f5d6d486de7e1dacccec35e312f3c6cf7802394113786de13faa5affaf5a2
Bar_Text_Standardization_2026-09-22/inspect_named_groups.jsx,LOCAL_RECOVERY_REFERENCE/code/74b45627e830_inspect_named_groups.jsx,74b45627e830d94914a1d0fe35000c4921549d9b547f3edf734fc2d67e79711f
Bar_Text_Standardization_2026-09-22/inspect_type.jsx,LOCAL_RECOVERY_REFERENCE/code/afe32499c3fd_inspect_type.jsx,afe32499c3fdbb84728d387b762ae4ffc732f0691fcb7585229c152159715125
Bar_Text_Standardization_2026-09-22/widen_figs1b.jsx,LOCAL_RECOVERY_REFERENCE/code/e0224c7f8fd9_widen_figs1b.jsx,e0224c7f8fd92be53d47dd2d81595cfebebeed9153b7c56b94dc74b12a7e0e50
Fig3N_Rebuilt_2026-09-22_224252/Code/figure_style.R,LOCAL_RECOVERY_REFERENCE/code/907862b2b6db_figure_style.R,907862b2b6dbc5a6ab0355e7cc416a02d930be4d1ae0b03f9348764b7cacd712
Fig3N_Rebuilt_2026-09-22_224252/Code/generate_Fig3N.R,LOCAL_RECOVERY_REFERENCE/code/81537ee9a405_generate_Fig3N.R,81537ee9a405b32471e763276f386d50d4f3dee046192fde094c6b9f3aa9c4be
Fig3N_Rebuilt_2026-09-22_224252/Code/generate_tmrm_image_means_only_figure_recovered.R,LOCAL_RECOVERY_REFERENCE/code/cd073f574880_generate_tmrm_image_means_only_figure_recovered.R,cd073f5748804b81b28e3861ce8a1c7ab7191f33a8aec5d1645347d7231a8183
Fig3N_Rebuilt_2026-09-22_224252/Code/label_layout.R,LOCAL_RECOVERY_REFERENCE/code/3f41c0ed1217_label_layout.R,3f41c0ed12171392132c1cfc19f947bbefce7406bc3c01e870fa662cc534053f
Fig3N_Rebuilt_2026-09-22_224252/backup_inspect.jsx,LOCAL_RECOVERY_REFERENCE/code/f807b4ce48a0_backup_inspect.jsx,f807b4ce48a0fd18858d9c4f6e9709e41517389d8fdbf54c46320990de2e628f
Fig3N_Rebuilt_2026-09-22_224252/finish_fig3n_import.jsx,LOCAL_RECOVERY_REFERENCE/code/56056eca9d1b_finish_fig3n_import.jsx,56056eca9d1bd02a059fa62003e617845cab91e7fe38fb75d36b692c2ec932bf
Fig3N_Rebuilt_2026-09-22_224252/import_fig3n_fixed.jsx,LOCAL_RECOVERY_REFERENCE/code/4771cae428be_import_fig3n_fixed.jsx,4771cae428be811839760f2b3038c3d46019a7a0ea6af66c619a6b487ebd3948
Fig3N_Rebuilt_2026-09-22_224252/insert_fig3n.jsx,LOCAL_RECOVERY_REFERENCE/code/d9e846c2a9c0_insert_fig3n.jsx,d9e846c2a9c025183640f1b24a9b541b83a163d63252153d48b5d88e634d443c
Fig3N_Rebuilt_2026-09-22_224252/insert_fig3n_clipboard.jsx,LOCAL_RECOVERY_REFERENCE/code/95a4c67b9867_insert_fig3n_clipboard.jsx,95a4c67b98679d173f1d9683b8a5f4904d8ea3a6c1325ee3c046c7b9c7ef9154
Fig4AB_Vector_Rebuild_2026-09-23/Code/archived_assay_audit.py,LOCAL_RECOVERY_REFERENCE/code/23d8a3379388_archived_assay_audit.py,23d8a3379388d936845d2582c7a9b7dc615c70d7c597f600c53571f0b6b9e8b0
Fig4AB_Vector_Rebuild_2026-09-23/Code/create_native_panel_files.jsx,LOCAL_RECOVERY_REFERENCE/code/34e82feb7215_create_native_panel_files.jsx,34e82feb7215615eee33b4803d761ab769b9e6cbf8bfaef1c21b70bb9246fec2
Fig4AB_Vector_Rebuild_2026-09-23/Code/insert_fig4_vectors.jsx,LOCAL_RECOVERY_REFERENCE/code/011f26413f12_insert_fig4_vectors.jsx,011f26413f1262a6484769439c6e8bdabd25be0bf9861a0ccc51f152362bf85b
Fig4AB_Vector_Rebuild_2026-09-23/Code/inspect_current_fig4.jsx,LOCAL_RECOVERY_REFERENCE/code/f90517ee087f_inspect_current_fig4.jsx,f90517ee087f85d95eb2ac3583319cfb02f5fad6c9db081c58d06124f094abd6
Fig4AB_Vector_Rebuild_2026-09-23/Code/inspect_plot_titles.jsx,LOCAL_RECOVERY_REFERENCE/code/2d15078a694c_inspect_plot_titles.jsx,2d15078a694ced0ada1bbe3b9d6f9cb3d738c8be31ef0081e0dcbae35a395383
Fig4AB_Vector_Rebuild_2026-09-23/Code/prepare_plot_data.py,LOCAL_RECOVERY_REFERENCE/code/332645e39737_prepare_plot_data.py,332645e39737de0a9b07d2369bf964e275b19239d9ab386567806bc7fb7b22d4
Fig4AB_Vector_Rebuild_2026-09-23/Code/verify_and_render_pdfs.py,LOCAL_RECOVERY_REFERENCE/code/95446dea69ce_verify_and_render_pdfs.py,95446dea69ce14e9bf6955ba648cc7a47675d51d70369f239ba2a49e749174fd
Fig4AB_Vector_Rebuild_2026-09-23/Code/verify_inserted_vectors.jsx,LOCAL_RECOVERY_REFERENCE/code/036f366d2d65_verify_inserted_vectors.jsx,036f366d2d65d9ba62061d8934d429c271478a2ed3decaa764e85c6be1f12176
Fig4AB_Vector_Rebuild_2026-09-23/Documentation/Before_Title_Removal_2026-09-23_151749/Sources/Figure_4A_TIMELESS/Code/generate_timeless_vector.R,LOCAL_RECOVERY_REFERENCE/code/13fa55ea177e_generate_timeless_vector.R,13fa55ea177e7d2f79942d79a2d60911bd96a89f44ed99693ae5d380e784c701
Fig4AB_Vector_Rebuild_2026-09-23/Documentation/Before_Title_Removal_2026-09-23_151749/Sources/Figure_4B_MTT/Code/generate_mtt_vector.R,LOCAL_RECOVERY_REFERENCE/code/46873fe3976b_generate_mtt_vector.R,46873fe3976b88a0abb1aea767dcb3de3a6d631feb96c7fad540459f390c9013
Fig4AB_Vector_Rebuild_2026-09-23/Sources/Figure_4A_TIMELESS/Code/Archived_Source/06_additional_assays.R,LOCAL_RECOVERY_REFERENCE/code/5dbf7476b95d_06_additional_assays.R,5dbf7476b95d00281c2421fd7224b8a6c476b088f295ddc74b000619b1dc0fc0
Fig4AB_Vector_Rebuild_2026-09-23/Sources/Figure_4A_TIMELESS/Code/Archived_Source/generate_Fig4A_compact.R,LOCAL_RECOVERY_REFERENCE/code/6c9b672cb06a_generate_Fig4A_compact.R,6c9b672cb06a4844ed02f60429de08b88665399be281f83383a812d0eb76581b
Fig4AB_Vector_Rebuild_2026-09-23/Sources/Figure_4A_TIMELESS/Code/generate_timeless_vector.R,LOCAL_RECOVERY_REFERENCE/code/3a3788928b22_generate_timeless_vector.R,3a3788928b2235ffec3c685fe9482a77b9c8326482c93252f9f8a0f1f80ebb42
Fig4AB_Vector_Rebuild_2026-09-23/Sources/Figure_4B_MTT/Code/Archived_Source/analysis_generate_mtt_figure.R,LOCAL_RECOVERY_REFERENCE/code/a73386c3f016_analysis_generate_mtt_figure.R,a73386c3f016d64b52affbe4fd8fea8113f76def606f80c3616b1dcf0ddc1b8e
Fig4AB_Vector_Rebuild_2026-09-23/Sources/Figure_4B_MTT/Code/Archived_Source/panel_generate_mtt_figure.R,LOCAL_RECOVERY_REFERENCE/code/483f0fe1c90f_panel_generate_mtt_figure.R,483f0fe1c90fcc89b8ba267b97b9b5cf925a5d360d394794ce7e834d9a99a940
Fig4AB_Vector_Rebuild_2026-09-23/Sources/Figure_4B_MTT/Code/generate_mtt_vector.R,LOCAL_RECOVERY_REFERENCE/code/e5c298b663c9_generate_mtt_vector.R,e5c298b663c9c744bbda0314fbe8fce8cf395e9e815474c398de747e7229646b
FigS4A_Label_Colors_2026-09-22_215949/apply_restyled_s4a.jsx,LOCAL_RECOVERY_REFERENCE/code/ebd45479252e_apply_restyled_s4a.jsx,ebd45479252eb314ab9bfffb8765c6f7d6b61b9abe00a3f40abb305fd3303b4e
FigS4A_Label_Colors_2026-09-22_215949/backup_and_inspect.jsx,LOCAL_RECOVERY_REFERENCE/code/9ec824636443_backup_and_inspect.jsx,9ec8246364434b836b2b68f56b42f52d36957a4fe0ba05b9c776b2f96f6efb48
FigS4A_Label_Colors_2026-09-22_215949/preview_restyled_panel.jsx,LOCAL_RECOVERY_REFERENCE/code/78b68f298d8d_preview_restyled_panel.jsx,78b68f298d8ddfe6b1ca404c35f9cf2c2177ac2f868bdd6c505f2f609b6b70de
FigS4A_Label_Colors_2026-09-22_215949/restyle_s4a.py,LOCAL_RECOVERY_REFERENCE/code/0ff3e003366a_restyle_s4a.py,0ff3e003366a0f937b5e09290bc4ac2ce12576f60bbc548f5eba952b6cc6a28d
FigS4A_Label_Colors_2026-09-22_215949/verify_restyled_s4a.jsx,LOCAL_RECOVERY_REFERENCE/code/51faa0cd1175_verify_restyled_s4a.jsx,51faa0cd117575c170b4aed0ffa0933ea68d2ed99e981f9ff30e834e7598fdc9
FigS4_Vector_Fix_2026-09-23_144758/backup_inspect.jsx,LOCAL_RECOVERY_REFERENCE/code/0c926855c88d_backup_inspect.jsx,0c926855c88d594e8472598f997dd5c24d7afb5d85d0b0e1a9b0adaa97b766f4
FigS4_Vector_Fix_2026-09-23_144758/fix_s4_vectors.jsx,LOCAL_RECOVERY_REFERENCE/code/b9a390f33177_fix_s4_vectors.jsx,b9a390f331771dccc7003753786c27f583323a0aa61ddbdf4f03f71ddbeb701f
Laptop_Recovery_Check_2026-09-22_124815/save_live_figures.jsx,LOCAL_RECOVERY_REFERENCE/code/405ef6665ebb_save_live_figures.jsx,405ef6665ebb8d51c815d5a3a161dab9494e0bf9e1fb54b0b69f26b5718fa045
Laptop_Recovery_Check_2026-09-22_124815/verify_live_copies.jsx,LOCAL_RECOVERY_REFERENCE/code/09f63ef4c3b7_verify_live_copies.jsx,09f63ef4c3b77451b754eca89ee481b05f938ddcc2ea30383e42de24a45a9a75
Native_Recovery_Attempt_2026-09-22_132055/inspect_recovered_rasters.jsx,LOCAL_RECOVERY_REFERENCE/code/d311e9a0bed9_inspect_recovered_rasters.jsx,d311e9a0bed960f866d3be2d868a375294991745d61ba83f6fc937e117808557
Native_Recovery_Attempt_2026-09-22_132055/recover_current_aid.jsx,LOCAL_RECOVERY_REFERENCE/code/b3079b5f0710_recover_current_aid.jsx,b3079b5f071097dfa3c0749fb9e4341ce790ff87fa38a75c1b92984e3c8f5937
Native_Recovery_Attempt_2026-09-22_132055/recover_fig4_aid.jsx,LOCAL_RECOVERY_REFERENCE/code/e1b44f7e6b9c_recover_fig4_aid.jsx,e1b44f7e6b9c3eafe13cea09e0a2995484f3f4d1b5f1f61ec43196d01fa1edc5
Native_Recovery_Attempt_2026-09-22_132055/recover_preserved_aid.jsx,LOCAL_RECOVERY_REFERENCE/code/06d288ff5a3b_recover_preserved_aid.jsx,06d288ff5a3bf988c112ebc958256fe52cdc1e589919433b97e1175db5f22ea7
Native_Recovery_Attempt_2026-09-22_132055/repair_fig4_with_recovered_previews.jsx,LOCAL_RECOVERY_REFERENCE/code/12e676cfbb07_repair_fig4_with_recovered_previews.jsx,12e676cfbb074c26d4cbbc694a0830cd0c0eb66ed4b8ed36899b78f9e9dd8d8b
Native_Recovery_Attempt_2026-09-22_132055/salvage_fig4_cached_links.jsx,LOCAL_RECOVERY_REFERENCE/code/e0da010446c3_salvage_fig4_cached_links.jsx,e0da010446c374677d01a3c845e2877f470830ec9ba4013de72e42ac621c8cd3
Native_Recovery_Attempt_2026-09-22_132055/verify_and_open_recoveries.jsx,LOCAL_RECOVERY_REFERENCE/code/b7e4f27dc10f_verify_and_open_recoveries.jsx,b7e4f27dc10f3c9abc53ed215cb6995aa3fde3c77f0c8e8265ac3a8134d67886
Preview_AI_Search_2026-09-22/compare_earlier_copy.jsx,LOCAL_RECOVERY_REFERENCE/code/417c2504d3b1_compare_earlier_copy.jsx,417c2504d3b19c71b8e22e5d629de442daea7c55b4c419b49aa813e3f81042e7
Preview_AI_Search_2026-09-22/export_comparison.jsx,LOCAL_RECOVERY_REFERENCE/code/ab8c3f1c8e49_export_comparison.jsx,ab8c3f1c8e49aee2a69402b309769045d192b20777b96a9b9136d1519ac3610c
Raster_Background_Cleanup_2026-09-22_224054/backup_after_recovery.jsx,LOCAL_RECOVERY_REFERENCE/code/0c51321583b7_backup_after_recovery.jsx,0c51321583b7f8a90122ec483bb3dcd6f248d43584d0be65d73738941e3080b8
Raster_Background_Cleanup_2026-09-22_224054/backup_and_inspect.jsx,LOCAL_RECOVERY_REFERENCE/code/09ed799591cc_backup_and_inspect.jsx,09ed799591cc24bfa61ec16fce73286cc3d3629ee9fb525ff40e5abf0659ade7
Raster_Background_Cleanup_2026-09-22_224054/cleanup_backgrounds.jsx,LOCAL_RECOVERY_REFERENCE/code/9b5cc03e1b88_cleanup_backgrounds.jsx,9b5cc03e1b88936923789635b0ef7abe9c42a1da2a6411f619331b2412f4099d
Raster_Background_Cleanup_2026-09-22_224054/cleanup_backgrounds_after_restart.jsx,LOCAL_RECOVERY_REFERENCE/code/d0e474b1e588_cleanup_backgrounds_after_restart.jsx,d0e474b1e5888d0c97e60adf0b1c4dded972b99e47a4ccc42ef0cf5615dd0fa1
Raster_Background_Cleanup_2026-09-22_224054/inspect_after_restart.jsx,LOCAL_RECOVERY_REFERENCE/code/77c369cf1389_inspect_after_restart.jsx,77c369cf13892a29842ffa25a8961ecbd2f1cd490dabe97e7170471e19cad11c
Raster_Background_Cleanup_2026-09-22_224054/inspect_labels.jsx,LOCAL_RECOVERY_REFERENCE/code/8dba17174716_inspect_labels.jsx,8dba17174716b4cf78aaeaa3004b7b1e5d829b7a3704a1ccde8ec1eaeef3cd80
Raster_Background_Cleanup_2026-09-22_224054/inspect_rasters.jsx,LOCAL_RECOVERY_REFERENCE/code/a3ae07e55d63_inspect_rasters.jsx,a3ae07e55d635c78cb9272b54866e28aa3c5666362789fc64ee7494eb82cceeb
Raster_Background_Cleanup_2026-09-22_224054/restore_s1_vector_legends.jsx,LOCAL_RECOVERY_REFERENCE/code/e8e0813dcc27_restore_s1_vector_legends.jsx,e8e0813dcc277835109f6b84fa7866c9cdefed76d1398bc47bd08db3e4d363cb
Raster_Background_Cleanup_2026-09-22_224054/save_cleaned_set.jsx,LOCAL_RECOVERY_REFERENCE/code/d0f05bf770a1_save_cleaned_set.jsx,d0f05bf770a164a1b1e67ce03cbed96bf26f58dc6dc06db37d0efc5038308b48
Recovered_Code_2026-09-20-21/Figure_S1A_RNAseq_Workflow/Code/draw_rnaseq_workflow.jsx,LOCAL_RECOVERY_REFERENCE/code/0b37bac1e7eb_draw_rnaseq_workflow.jsx,0b37bac1e7eb49df1117803ea06b49e51cd06cae2bb846bef22534a6c65ff07d
Recovered_Code_2026-09-20-21/Figure_S1A_RNAseq_Workflow/Code/generate_rnaseq_workflow.jsx,LOCAL_RECOVERY_REFERENCE/code/c7bd8748df9b_generate_rnaseq_workflow.jsx,c7bd8748df9b5d21f22f84f9154a5b7548c3d46a681a65199b41a01e49bfff85
Recovered_Code_2026-09-20-21/History/Complete_Recorded_Snapshots/0003_patch_000_generate_female_heatmap.R,LOCAL_RECOVERY_REFERENCE/code/a785bbe9d4a5_0003_patch_000_generate_female_heatmap.R,a785bbe9d4a51d1e3b916f525ec76f8dc9d5238dba85940aac1e8b3f1c6e0f15
Recovered_Code_2026-09-20-21/History/Complete_Recorded_Snapshots/0007_patch_001_generate_pca.R,LOCAL_RECOVERY_REFERENCE/code/d57b16ef9478_0007_patch_001_generate_pca.R,d57b16ef94788818cd1c3dfde3a8c37193e24539fdd6764429b284e93a5fa502
Recovered_Code_2026-09-20-21/History/Complete_Recorded_Snapshots/0011_patch_002_generate_compact_pca.R,LOCAL_RECOVERY_REFERENCE/code/acca2f428306_0011_patch_002_generate_compact_pca.R,acca2f428306c6ff0c6985a91ddde7f92b7b895cbb890e96e3d25e2a5f6a1b4c
Recovered_Code_2026-09-20-21/History/Complete_Recorded_Snapshots/0022_patch_003_generate_ring.R,LOCAL_RECOVERY_REFERENCE/code/01bf5497f7c4_0022_patch_003_generate_ring.R,01bf5497f7c4da79fc437b67d3ea9249aac6dd4c661022d868a889b9ef26524b
Recovered_Code_2026-09-20-21/History/Complete_Recorded_Snapshots/0032_patch_004_export_original_survival.jsx,LOCAL_RECOVERY_REFERENCE/code/a182f5c1cbbf_0032_patch_004_export_original_survival.jsx,a182f5c1cbbf9b6b42312711f74a3d6b4025dadf83c242e9e468fce9953b06ba
Recovered_Code_2026-09-20-21/History/Complete_Recorded_Snapshots/0048_patch_005_organize.py,LOCAL_RECOVERY_REFERENCE/code/6cdaa36be74c_0048_patch_005_organize.py,6cdaa36be74c4c70b52cd5491ff98a0f1b982db1fcae9ee3a73ed9c134318c50
Recovered_Code_2026-09-20-21/History/Complete_Recorded_Snapshots/0051_0_000_create_final_folder.py,LOCAL_RECOVERY_REFERENCE/code/77c2ee996343_0051_0_000_create_final_folder.py,77c2ee996343268a98f457e48b9fc0e6d69d939a8749d4398e292cd694602138
Recovered_Code_2026-09-20-21/History/Complete_Recorded_Snapshots/0076_patch_006_update_errorbar_caps.R,LOCAL_RECOVERY_REFERENCE/code/6d2c8b148f6e_0076_patch_006_update_errorbar_caps.R,6d2c8b148f6ec6d19d4e570dc13114e7dfca12b3d96e4b2faa78087741d89471
Recovered_Code_2026-09-20-21/History/Complete_Recorded_Snapshots/0087_0_001_save_requested_panels.py,LOCAL_RECOVERY_REFERENCE/code/4cfea454a623_0087_0_001_save_requested_panels.py,4cfea454a6237fdc43ccb1d89e2effe7026ba9dbca3804af62d2238a45f8ef43
Recovered_Code_2026-09-20-21/History/Complete_Recorded_Snapshots/0139_0_002_inspect_titles.jsx,LOCAL_RECOVERY_REFERENCE/code/605be3b86c07_0139_0_002_inspect_titles.jsx,605be3b86c07493612784d87ec3f501fa171d9caae43bc15dcd9fe054479a180
Recovered_Code_2026-09-20-21/History/Complete_Recorded_Snapshots/0140_1_003_standardize_titles.jsx,LOCAL_RECOVERY_REFERENCE/code/f2b36e6ca780_0140_1_003_standardize_titles.jsx,f2b36e6ca780edb5f99a211a1560c87675b648563ad4d2666bc96883be824e18
Recovered_Code_2026-09-20-21/History/Complete_Recorded_Snapshots/0155_patch_007_check_current_assemblies.jsx,LOCAL_RECOVERY_REFERENCE/code/531d6aa4649a_0155_patch_007_check_current_assemblies.jsx,531d6aa4649a5530af6a53c5839a01463378bdbdd45b591a3268020d5cfb3d11
Recovered_Code_2026-09-20-21/History/Complete_Recorded_Snapshots/0170_patch_008_update_mitochondrial_wording.py,LOCAL_RECOVERY_REFERENCE/code/622c15be4844_0170_patch_008_update_mitochondrial_wording.py,622c15be48444bb9f9a64be9d15d5d77e94a8ed1351d5b5c9aaec74f3b569d08
Recovered_Code_2026-09-20-21/History/Complete_Recorded_Snapshots/0186_patch_009_inspect_typography.jsx,LOCAL_RECOVERY_REFERENCE/code/9dad8b14b72b_0186_patch_009_inspect_typography.jsx,9dad8b14b72b4398538219daba98dbd405090e30e40a2b441f7c02484368c92f
Recovered_Code_2026-09-20-21/History/Complete_Recorded_Snapshots/0201_patch_010_inspect_networks.jsx,LOCAL_RECOVERY_REFERENCE/code/f3d43e3fa9aa_0201_patch_010_inspect_networks.jsx,f3d43e3fa9aaac8d32a29bb76ce30039014f4aeeed5c94c6fed6972d0ca1f18f
Recovered_Code_2026-09-20-21/History/Complete_Recorded_Snapshots/0206_patch_011_inspect_original_ring.jsx,LOCAL_RECOVERY_REFERENCE/code/9c5e300792be_0206_patch_011_inspect_original_ring.jsx,9c5e300792be243afd5a8f291ebea00cc535b5eccd7070b0b3ee8f66abb0bf06
Recovered_Code_2026-09-20-21/History/Complete_Recorded_Snapshots/0207_patch_012_build_plan.py,LOCAL_RECOVERY_REFERENCE/code/11698a99eadf_0207_patch_012_build_plan.py,11698a99eadfdea45dbeed7c072125297b091a9d91af2ab2c98a9c3fb698700d
Recovered_Code_2026-09-20-21/History/Complete_Recorded_Snapshots/0209_patch_013_apply_typography.jsx,LOCAL_RECOVERY_REFERENCE/code/bf8596c53b07_0209_patch_013_apply_typography.jsx,bf8596c53b075209876971312078eb061cada3ac6059e39eb3426d670e89852f
Recovered_Code_2026-09-20-21/History/Complete_Recorded_Snapshots/0214_0_004_inspect_restoration.jsx,LOCAL_RECOVERY_REFERENCE/code/c13c82623f45_0214_0_004_inspect_restoration.jsx,c13c82623f459487304ddffb4729f37fb4d7a511c90a8aca82712991440768fd
Recovered_Code_2026-09-20-21/History/Complete_Recorded_Snapshots/0221_1_005_inspect_original_network.jsx,LOCAL_RECOVERY_REFERENCE/code/a47a0d11cd60_0221_1_005_inspect_original_network.jsx,a47a0d11cd60e584c90cd52944841898af5f4d36653ae6ee69e2644184a5b0a4
Recovered_Code_2026-09-20-21/History/Complete_Recorded_Snapshots/0223_0_006_network_geometry.jsx,LOCAL_RECOVERY_REFERENCE/code/b0bb37b90181_0223_0_006_network_geometry.jsx,b0bb37b90181ed354555cf02085935bd23be3e8bb3e4b76643c5277e973f83be
Recovered_Code_2026-09-20-21/History/Complete_Recorded_Snapshots/0228_0_007_fix_label_spacing.jsx,LOCAL_RECOVERY_REFERENCE/code/e3e9250b140e_0228_0_007_fix_label_spacing.jsx,e3e9250b140e74dd908bfd946f5c6902049ed35f6864f4a8dbe36bbf1abfa903
Recovered_Code_2026-09-20-21/History/Complete_Recorded_Snapshots/0232_0_008_build_restoration_config.py,LOCAL_RECOVERY_REFERENCE/code/635e53696d5f_0232_0_008_build_restoration_config.py,635e53696d5ff72975b37b62b893634fdc6cf7c86c72d54bdc3e27674719d1c1
Recovered_Code_2026-09-20-21/History/Complete_Recorded_Snapshots/0235_0_009_restore_network_typography.jsx,LOCAL_RECOVERY_REFERENCE/code/824811e2fe5f_0235_0_009_restore_network_typography.jsx,824811e2fe5f42b49f864e751a06740b92437e636a39b7e6cf09e368762bb1dc
Recovered_Code_2026-09-20-21/History/Complete_Recorded_Snapshots/0240_0_010_inspect_restored.jsx,LOCAL_RECOVERY_REFERENCE/code/ba6b999fb04a_0240_0_010_inspect_restored.jsx,ba6b999fb04a3a1cd65ff96d524f5ed2d12dac5d57c551ccd6208c988e4fd0c7
Recovered_Code_2026-09-20-21/History/Complete_Recorded_Snapshots/0252_0_011_save_and_export_final_size.jsx,LOCAL_RECOVERY_REFERENCE/code/06bc83417308_0252_0_011_save_and_export_final_size.jsx,06bc8341730816e1ec7ac8afb0d087caad359a715a87eeb6168a82d7e9b4b142
Recovered_Code_2026-09-20-21/History/Complete_Recorded_Snapshots/0257_0_012_verify_final_typography.jsx,LOCAL_RECOVERY_REFERENCE/code/e204e1c8e2e9_0257_0_012_verify_final_typography.jsx,e204e1c8e2e978da8b516fe533fac048e5cd1b28006ccb5ded4225c3ab5a235c
Recovered_Code_2026-09-20-21/History/Complete_Recorded_Snapshots/0267_0_013_final_save.jsx,LOCAL_RECOVERY_REFERENCE/code/ac102ea96703_0267_0_013_final_save.jsx,ac102ea967038e3ba30eb79b9ad64e22c6deb030b60c3ab43948d6899a75662f
Recovered_Code_2026-09-20-21/History/Complete_Recorded_Snapshots/0278_0_014_dmic60_live_check.jsx,LOCAL_RECOVERY_REFERENCE/code/95b12d31cfcf_0278_0_014_dmic60_live_check.jsx,95b12d31cfcfa957fba729e76999d54d73e53512b7f7d991ae9d0c3d112e3884
Recovered_Code_2026-09-20-21/History/Complete_Recorded_Snapshots/0287_0_015_dmic60_sync_sources.py,LOCAL_RECOVERY_REFERENCE/code/c91b80fff725_0287_0_015_dmic60_sync_sources.py,c91b80fff7253ae95aaaf31f3e1c132a521925f2db1dff494334b0886ce9f894
Recovered_Code_2026-09-20-21/History/Complete_Recorded_Snapshots/0291_0_016_dmic60_debug_builder.jsx,LOCAL_RECOVERY_REFERENCE/code/3ff8f9b8102f_0291_0_016_dmic60_debug_builder.jsx,3ff8f9b8102f42fc2786c3a3998646bac99d0f87eb77715703832aab61369150
Recovered_Code_2026-09-20-21/History/Complete_Recorded_Snapshots/0298_0_017_dmic60_prepare_checks.py,LOCAL_RECOVERY_REFERENCE/code/5c641cdb3e24_0298_0_017_dmic60_prepare_checks.py,5c641cdb3e24b073bee883c2e3b963998087603ad95fe20fc1f760323a7dfce5
Recovered_Code_2026-09-20-21/History/Complete_Recorded_Snapshots/0301_0_018_dmic60_model_export.jsx,LOCAL_RECOVERY_REFERENCE/code/1e7f17a3a304_0301_0_018_dmic60_model_export.jsx,1e7f17a3a3049e286bdb9378183606b5150accb2b77d0393b1e7375ad34806d8
Recovered_Code_2026-09-20-21/History/Complete_Recorded_Snapshots/0302_1_019_dmic60_finish_docs.py,LOCAL_RECOVERY_REFERENCE/code/0e6c40566842_0302_1_019_dmic60_finish_docs.py,0e6c40566842a5fd31ad05870025303432523aa22ad81cd44f48858e7a235cfa
Recovered_Code_2026-09-20-21/History/Complete_Recorded_Snapshots/0326_1_020_dmic60_bar_inspect.py,LOCAL_RECOVERY_REFERENCE/code/f02214b68f85_0326_1_020_dmic60_bar_inspect.py,f02214b68f857cae334f0e4d69ef1eaaf0a52341c1153aaf09d6b9ff2f6a8edb
Recovered_Code_2026-09-20-21/History/Complete_Recorded_Snapshots/0334_0_021_build_dmic60_bar_plan.py,LOCAL_RECOVERY_REFERENCE/code/f2a0309c7d56_0334_0_021_build_dmic60_bar_plan.py,f2a0309c7d5652b4bb9027c61c31bd8f8cf1754bdfa003ba9b01dde53a36af8f
Recovered_Code_2026-09-20-21/History/Complete_Recorded_Snapshots/0335_0_022_apply_geometry.jsx,LOCAL_RECOVERY_REFERENCE/code/b427f9fde842_0335_0_022_apply_geometry.jsx,b427f9fde84277c4882ddc4232b38975d4ea4f0ce4df06d24b9015b0a1cb8afd
Recovered_Code_2026-09-20-21/History/Complete_Recorded_Snapshots/0351_0_023_validate_dmic60_geometry.py,LOCAL_RECOVERY_REFERENCE/code/49ef9e2e3a58_0351_0_023_validate_dmic60_geometry.py,49ef9e2e3a584732605642d587c17c3989480816a5e1f7d6ef45257f18d5d2d0
Recovered_Code_2026-09-20-21/History/Complete_Recorded_Snapshots/0353_0_024_validate_final_spacing.jsx,LOCAL_RECOVERY_REFERENCE/code/4bf770ea17c7_0353_0_024_validate_final_spacing.jsx,4bf770ea17c7ee3a8529f3b513758219564bc4d9ab25fa838d484c955f782414
Recovered_Code_2026-09-20-21/History/Complete_Recorded_Snapshots/0365_0_025_verify_current_builds.py,LOCAL_RECOVERY_REFERENCE/code/251eb8d58796_0365_0_025_verify_current_builds.py,251eb8d58796533725040eb6359041eaa26a7d3e6ee1776eddf2b5a8bdf9b96e
Recovered_Code_2026-09-20-21/History/Complete_Recorded_Snapshots/0386_0_026_prepare_s4_labels.py,LOCAL_RECOVERY_REFERENCE/code/70071ccc69fa_0386_0_026_prepare_s4_labels.py,70071ccc69fa4b3d4fef6664cf9b9d852a1d0db62d9b40771b334a9fd7589b37
Recovered_Code_2026-09-20-21/History/Complete_Recorded_Snapshots/0386_0_027_add_labels.jsx,LOCAL_RECOVERY_REFERENCE/code/239d6cc9be4d_0386_0_027_add_labels.jsx,239d6cc9be4d5773ddc4dd0bba0d614105d5d4a1902b73d11f52aa778676fa93
Recovered_Code_2026-09-20-21/History/Complete_Recorded_Snapshots/0388_0_028_generate_FigS4A_stress.R,LOCAL_RECOVERY_REFERENCE/code/df8a0c43b466_0388_0_028_generate_FigS4A_stress.R,df8a0c43b466633bb126b40d1c2915990efbf0f7acd1508a6ce2321dc90ae6d1
Recovered_Code_2026-09-20-21/History/Complete_Recorded_Snapshots/0408_0_029_prepare_p_annotations.py,LOCAL_RECOVERY_REFERENCE/code/41fe2199c60f_0408_0_029_prepare_p_annotations.py,41fe2199c60f4c51ad5a454792ba24466faba222f18b5db027fa52a4fb6968ee
Recovered_Code_2026-09-20-21/History/Complete_Recorded_Snapshots/0408_0_030_apply_annotations.jsx,LOCAL_RECOVERY_REFERENCE/code/e8ea992ffe3b_0408_0_030_apply_annotations.jsx,e8ea992ffe3b355676917b6c773b2c7f006c79001ffed4be5e9f857976ed8bf7
Recovered_Code_2026-09-20-21/History/Complete_Recorded_Snapshots/0411_0_031_finalize_p_typography.jsx,LOCAL_RECOVERY_REFERENCE/code/0f872eea1249_0411_0_031_finalize_p_typography.jsx,0f872eea124980bbd860fdedc0d2b2a8068d400893ee8eba8a0d5877d48b7b86
Recovered_Code_2026-09-20-21/History/Complete_Recorded_Snapshots/0428_0_032_sync_dmic60_p_sources.py,LOCAL_RECOVERY_REFERENCE/code/bfe6485404ec_0428_0_032_sync_dmic60_p_sources.py,bfe6485404ec3cd3c880489e741bfac2e875086941d836a9c0033f11df151bfb
Recovered_Code_2026-09-20-21/History/Complete_Recorded_Snapshots/0434_0_033_validate_dmic60_p.py,LOCAL_RECOVERY_REFERENCE/code/121044899499_0434_0_033_validate_dmic60_p.py,1210448994993080f2b99269a52a5c0ee01c4a0a00c381692b318d38a7e37dcd
Recovered_Code_2026-09-20-21/History/Complete_Recorded_Snapshots/0438_0_034_prepare_dmic60_p_threshold.py,LOCAL_RECOVERY_REFERENCE/code/5e36c9e6bf12_0438_0_034_prepare_dmic60_p_threshold.py,5e36c9e6bf12bac196d65aa022100fd91e8a9608054315e09295735085a15c05
Recovered_Code_2026-09-20-21/History/Complete_Recorded_Snapshots/0438_0_035_apply_thresholds.jsx,LOCAL_RECOVERY_REFERENCE/code/eb04a0d3d688_0438_0_035_apply_thresholds.jsx,eb04a0d3d6881e9429e234b4952ede4d506ec302565d0de0c0d7cea6e0bd56e2
Recovered_Code_2026-09-20-21/History/Complete_Recorded_Snapshots/0441_0_036_finalize_dmic60_threshold_sources.py,LOCAL_RECOVERY_REFERENCE/code/5584e685c9d8_0441_0_036_finalize_dmic60_threshold_sources.py,5584e685c9d86379c1b790c3ea9e8b12452635b2c2a0e90edd99d00997173498
Recovered_Code_2026-09-20-21/History/Complete_Recorded_Snapshots/0451_0_037_verify_and_save.jsx,LOCAL_RECOVERY_REFERENCE/code/d867c607bb39_0451_0_037_verify_and_save.jsx,d867c607bb39de962c1422b143b08b5a454258ca48abb60433b873a0fd89f533
Recovered_Code_2026-09-20-21/History/Complete_Recorded_Snapshots/0452_0_038_validate_outputs.py,LOCAL_RECOVERY_REFERENCE/code/8c89aa57a256_0452_0_038_validate_outputs.py,8c89aa57a2567fb1516197340ff4f6197d2c9e8448be9cba6b7b4022e979dc46
Recovered_Code_2026-09-20-21/History/Complete_Recorded_Snapshots/0456_0_039_prepare_fig4b_legend.py,LOCAL_RECOVERY_REFERENCE/code/5d49b2b2f9c9_0456_0_039_prepare_fig4b_legend.py,5d49b2b2f9c9118e7b43f88c9fd236ee91a4a700fde1ccdddeb1d237c96e56ad
Recovered_Code_2026-09-20-21/History/Complete_Recorded_Snapshots/0462_0_040_verify_and_save.jsx,LOCAL_RECOVERY_REFERENCE/code/2dd14013a084_0462_0_040_verify_and_save.jsx,2dd14013a08499e794542bda3eb22255f1f75e5426ccdd701c74b00d9eba6ee7
Recovered_Code_2026-09-20-21/History/Complete_Recorded_Snapshots/0462_1_041_validate_outputs.py,LOCAL_RECOVERY_REFERENCE/code/72949ff39b12_0462_1_041_validate_outputs.py,72949ff39b12b1d0ac61ac533473a38882bf4e2e8ae0d9740b1df214c17ee196
Recovered_Code_2026-09-20-21/History/Complete_Recorded_Snapshots/0469_0_042_prepare_all_text_plus1.py,LOCAL_RECOVERY_REFERENCE/code/b0f996b0d1b7_0469_0_042_prepare_all_text_plus1.py,b0f996b0d1b7e2845c5dac49938086ea6ab8771b5769751ed824f2a88e07220d
Recovered_Code_2026-09-20-21/History/Complete_Recorded_Snapshots/0470_0_043_common.jsx,LOCAL_RECOVERY_REFERENCE/code/afb8713fec6e_0470_0_043_common.jsx,afb8713fec6e3f965725c73abc1b993eadebb22c8abb1c699499157573050c13
Recovered_Code_2026-09-20-21/History/Complete_Recorded_Snapshots/0470_0_044_snapshot.jsx,LOCAL_RECOVERY_REFERENCE/code/f6eddc3dea36_0470_0_044_snapshot.jsx,f6eddc3dea36ec2c155e354248f4451013ea96884b1b2529a13119d6ca7441b4
Recovered_Code_2026-09-20-21/History/Complete_Recorded_Snapshots/0477_0_045_plan_text_plus1.py,LOCAL_RECOVERY_REFERENCE/code/06ffe1e11bee_0477_0_045_plan_text_plus1.py,06ffe1e11bee8171ced7e1eb9298d258b25e3c1753024e77ebe4e54fbd285cc8
Recovered_Code_2026-09-20-21/History/Complete_Recorded_Snapshots/0477_0_046_apply_plus1.jsx,LOCAL_RECOVERY_REFERENCE/code/f9770f8006e2_0477_0_046_apply_plus1.jsx,f9770f8006e2b484db5eb748a16029012aee26252cc1055615d9a7992d54add4
Recovered_Code_2026-09-20-21/History/Complete_Recorded_Snapshots/0481_0_047_align_text_plus1.py,LOCAL_RECOVERY_REFERENCE/code/d3c8085b8516_0481_0_047_align_text_plus1.py,d3c8085b8516623d9fd827c1218657d82ac46e33b799955c47abcbb4225e7ab0
Recovered_Code_2026-09-20-21/History/Complete_Recorded_Snapshots/0481_0_048_align_text.jsx,LOCAL_RECOVERY_REFERENCE/code/30684e0b2135_0481_0_048_align_text.jsx,30684e0b213591d758d7e301d66f9908287a72b5738e1f6944e49656ae277508
Recovered_Code_2026-09-20-21/History/Complete_Recorded_Snapshots/0487_0_049_inspect_plus1.py,LOCAL_RECOVERY_REFERENCE/code/30a4f1a27985_0487_0_049_inspect_plus1.py,30a4f1a27985811d18b5c9123dbad1f130cbd67c5b2420dfbb7c07dd49c05cda
Recovered_Code_2026-09-20-21/History/Complete_Recorded_Snapshots/0488_0_050_inspect_layout.jsx,LOCAL_RECOVERY_REFERENCE/code/83132ce23122_0488_0_050_inspect_layout.jsx,83132ce2312200c24d5490e74e90e17eca2922b335498a65586954c2fe61fa8a
Recovered_Code_2026-09-20-21/History/Complete_Recorded_Snapshots/0489_0_051_layout_read.py,LOCAL_RECOVERY_REFERENCE/code/e4dc0ad3d84d_0489_0_051_layout_read.py,e4dc0ad3d84d93cff020211d689b77ca019a1cbc62b8ba75fd3e2c097307fa46
Recovered_Code_2026-09-20-21/History/Complete_Recorded_Snapshots/0490_0_052_layout_details.py,LOCAL_RECOVERY_REFERENCE/code/32badd6b96a7_0490_0_052_layout_details.py,32badd6b96a783115e638eecf553b1364e2db2ef497ff5ace866837f0d27d7e1
Recovered_Code_2026-09-20-21/History/Complete_Recorded_Snapshots/0494_0_053_fix_layout_plus1.py,LOCAL_RECOVERY_REFERENCE/code/98418165d9ea_0494_0_053_fix_layout_plus1.py,98418165d9ea8a9fd5084d76b978544b5ad85a84780381801735576e949baabd
Recovered_Code_2026-09-20-21/History/Complete_Recorded_Snapshots/0494_0_054_fix_layout.jsx,LOCAL_RECOVERY_REFERENCE/code/131506c98aac_0494_0_054_fix_layout.jsx,131506c98aacc7da853c0b9825812e869ec74d25d353d4077d46d820943d2406
Recovered_Code_2026-09-20-21/History/Complete_Recorded_Snapshots/0501_0_055_check_s1.jsx,LOCAL_RECOVERY_REFERENCE/code/c54afd401f22_0501_0_055_check_s1.jsx,c54afd401f22c78cdd0b998442bd757bcdab9d9bcea9f41061b7232add9b8b7d
Recovered_Code_2026-09-20-21/History/Complete_Recorded_Snapshots/0505_0_056_update_font_code.py,LOCAL_RECOVERY_REFERENCE/code/3800a5421635_0505_0_056_update_font_code.py,3800a54216357d8e3ddd6a7a0d1d5eb4382bd67c1ee99c96bbb72854c799419f
Recovered_Code_2026-09-20-21/History/Complete_Recorded_Snapshots/0506_0_057_finish_layout.jsx,LOCAL_RECOVERY_REFERENCE/code/1d8a61e5f1d9_0506_0_057_finish_layout.jsx,1d8a61e5f1d9f5872aab9fcd1942e12dcd84ca207a636e93d0a4827a10bcac29
Recovered_Code_2026-09-20-21/History/Complete_Recorded_Snapshots/0510_0_058_check_placed.jsx,LOCAL_RECOVERY_REFERENCE/code/eb619c5c3d25_0510_0_058_check_placed.jsx,eb619c5c3d2583d61551980b36d5bcd0ccbc4d1bf192d188a74fc553b44bf1b7
Recovered_Code_2026-09-20-21/History/Complete_Recorded_Snapshots/0512_0_059_last_layout_fixes.jsx,LOCAL_RECOVERY_REFERENCE/code/d0bbed7eb861_0512_0_059_last_layout_fixes.jsx,d0bbed7eb861d66f02b3d3f59a7a8afb3ccb4f7080ddf8e226369198f844405e
Recovered_Code_2026-09-20-21/History/Complete_Recorded_Snapshots/0514_0_060_update_restored_s1b.jsx,LOCAL_RECOVERY_REFERENCE/code/70b11d940909_0514_0_060_update_restored_s1b.jsx,70b11d9409093bc8b0928cfae723ccccf0116d84f4ba3eb16405da7bb893ed7b
Recovered_Code_2026-09-20-21/History/Complete_Recorded_Snapshots/0518_0_061_finish_s1b.jsx,LOCAL_RECOVERY_REFERENCE/code/8dd2c3635cde_0518_0_061_finish_s1b.jsx,8dd2c3635cdebab0b6cd3637aa7298f5ffc0de73d924e1507e786efe96b2c136
Recovered_Code_2026-09-20-21/History/Complete_Recorded_Snapshots/0519_0_062_sync_plus1_sources.py,LOCAL_RECOVERY_REFERENCE/code/5ebb3b4cf391_0519_0_062_sync_plus1_sources.py,5ebb3b4cf39183c3815e5e3fcfee121d1506c8dbacaf24c387338a7af99e0087
Recovered_Code_2026-09-20-21/History/Complete_Recorded_Snapshots/0520_0_063_ready_to_save.jsx,LOCAL_RECOVERY_REFERENCE/code/45f268f5ff3c_0520_0_063_ready_to_save.jsx,45f268f5ff3c670bc1f965c061150d7efa95732c91a78d29c74f4935a8dfc80c
Recovered_Code_2026-09-20-21/History/Complete_Recorded_Snapshots/0521_0_064_audit_plus1.py,LOCAL_RECOVERY_REFERENCE/code/1a2349ff69c2_0521_0_064_audit_plus1.py,1a2349ff69c2e2bc1062082dd2a84cd1c2fa131cfddbeedc83913079b26ba0f5
Recovered_Code_2026-09-20-21/History/Complete_Recorded_Snapshots/0523_0_065_check_all_placed.jsx,LOCAL_RECOVERY_REFERENCE/code/7708c1af76bc_0523_0_065_check_all_placed.jsx,7708c1af76bcfcf2e83f3f20ba1a3032dcda07bd590321c210fa2dccb75fc3b9
Recovered_Code_2026-09-20-21/History/Complete_Recorded_Snapshots/0527_0_066_finish_s4c_and_export.jsx,LOCAL_RECOVERY_REFERENCE/code/7a0df8134107_0527_0_066_finish_s4c_and_export.jsx,7a0df8134107ab59220bf1084ce24caf145c9d57d7f7f32c807408180d6049f8
Recovered_Code_2026-09-20-21/History/Complete_Recorded_Snapshots/0533_0_067_update_plus1_metadata.py,LOCAL_RECOVERY_REFERENCE/code/c002de807d98_0533_0_067_update_plus1_metadata.py,c002de807d9867d700bddd96929771b043727e55ece8ecd83ecb6b64046cfb99
Recovered_Code_2026-09-20-21/History/Complete_Recorded_Snapshots/0534_0_068_inspect_model.jsx,LOCAL_RECOVERY_REFERENCE/code/d7949696ae83_0534_0_068_inspect_model.jsx,d7949696ae83d583251aee03b705bb67792a0e5dd0ab7165470bba295062da76
Recovered_Code_2026-09-20-21/History/Complete_Recorded_Snapshots/0535_0_069_group_model_export.jsx,LOCAL_RECOVERY_REFERENCE/code/2c3db9cbd0e8_0535_0_069_group_model_export.jsx,2c3db9cbd0e8bc590d3d0c6a8db70bd02a9db3e7ab417af1c47d5c551fd130a8
Recovered_Code_2026-09-20-21/History/Complete_Recorded_Snapshots/0539_0_070_inspect_model_ink.jsx,LOCAL_RECOVERY_REFERENCE/code/da507f47fa6f_0539_0_070_inspect_model_ink.jsx,da507f47fa6f908497e7242e53ff74157dac1394b1d2eb21e2edce8338397d87
Recovered_Code_2026-09-20-21/History/Complete_Recorded_Snapshots/0540_0_071_include_model_star_export.jsx,LOCAL_RECOVERY_REFERENCE/code/2d178275f170_0540_0_071_include_model_star_export.jsx,2d178275f170caf14b1bc6e53b5cd2cbfd3ab33e8ec97659ff7bea907989ddb2
Recovered_Code_2026-09-20-21/History/Complete_Recorded_Snapshots/0547_0_072_check_plus1_exports.py,LOCAL_RECOVERY_REFERENCE/code/98513d401388_0547_0_072_check_plus1_exports.py,98513d401388795be99e3cbc2215a1dfd189d374d18c64987ad09f6e20b4743c
Recovered_Code_2026-09-20-21/History/Complete_Recorded_Snapshots/0549_0_073_check_rebuild_vectors.jsx,LOCAL_RECOVERY_REFERENCE/code/45cbce7b9ac8_0549_0_073_check_rebuild_vectors.jsx,45cbce7b9ac8f8e5a95f22cfc6df9b3014808d0f18b67eef847e102b3fd71067
Recovered_Code_2026-09-20-21/History/Complete_Recorded_Snapshots/0555_0_074_placed_prepare.py,LOCAL_RECOVERY_REFERENCE/code/92c313d474d5_0555_0_074_placed_prepare.py,92c313d474d5e1835e4d05a9b24d57c53b5032576ff037e7a8fc9647b66f15bc
Recovered_Code_2026-09-20-21/History/Complete_Recorded_Snapshots/0570_0_075_placed_plan.py,LOCAL_RECOVERY_REFERENCE/code/844d2cb112ac_0570_0_075_placed_plan.py,844d2cb112ac19754c91508f09feb380abcf634598cfacf66ffb0209565468a8
Recovered_Code_2026-09-20-21/History/Complete_Recorded_Snapshots/0579_0_076_placed_sources_code.py,LOCAL_RECOVERY_REFERENCE/code/172fd83fb83e_0579_0_076_placed_sources_code.py,172fd83fb83ea96a9187cc9b307168c7fdaded5567265f80e7d1a118e4f3b08a
Recovered_Code_2026-09-20-21/History/Complete_Recorded_Snapshots/0588_0_077_placed_validate.py,LOCAL_RECOVERY_REFERENCE/code/561c5bb2fdd8_0588_0_077_placed_validate.py,561c5bb2fdd8190b50bb704a1ee878d41512a90c19008e23761e470151520513
Recovered_Code_2026-09-20-21/History/Complete_Recorded_Snapshots/0596_0_078_sync_placed_sources.py,LOCAL_RECOVERY_REFERENCE/code/2df8b892f020_0596_0_078_sync_placed_sources.py,2df8b892f020fe8c498c7166682d7c214188f6b8b5b946651e6145f39a95a83a
Recovered_Code_2026-09-20-21/History/Complete_Recorded_Snapshots/0600_0_079_placed_font_audit.py,LOCAL_RECOVERY_REFERENCE/code/b142dc78a466_0600_0_079_placed_font_audit.py,b142dc78a466d5b501141588a06a1342664ed41e2214452dafd9c50b9bd3721f
Recovered_Code_2026-09-20-21/History/Complete_Recorded_Snapshots/0611_0_080_placed_finish.py,LOCAL_RECOVERY_REFERENCE/code/b50230f560ea_0611_0_080_placed_finish.py,b50230f560ea81b6f74e274afbaa210921e56479fd987dd54bb0fe0096fe99a8
Recovered_Code_2026-09-20-21/History/Complete_Recorded_Snapshots/0617_0_081_prepare_side_margins.py,LOCAL_RECOVERY_REFERENCE/code/27806d66b753_0617_0_081_prepare_side_margins.py,27806d66b75372e7b46738c6fc7acc6221246e36024dfc41af86bbb365bcb6de
Recovered_Code_2026-09-20-21/History/Complete_Recorded_Snapshots/0622_0_082_build_margin_plan.py,LOCAL_RECOVERY_REFERENCE/code/a9bc0210b488_0622_0_082_build_margin_plan.py,a9bc0210b48823080687454ac8675e7f3e66d2381029b00b71c1005e5cebd543
Recovered_Code_2026-09-20-21/History/Complete_Recorded_Snapshots/0647_0_083_validate_box_margins.py,LOCAL_RECOVERY_REFERENCE/code/af34ee8e6ee5_0647_0_083_validate_box_margins.py,af34ee8e6ee5824e5ec3ebbd3cef0acdbfb49bcc912d4d74a1aff8c6d3bdfdc1
Recovered_Code_2026-09-20-21/History/Complete_Recorded_Snapshots/0652_0_084_sync_box_margin_sources.py,LOCAL_RECOVERY_REFERENCE/code/8e6fc01e7c0c_0652_0_084_sync_box_margin_sources.py,8e6fc01e7c0c522c07f1594eae0f2da74769b115a613a5f17b007307d1ef7316
Recovered_Code_2026-09-20-21/History/Complete_Recorded_Snapshots/0660_0_085_finalize_margin_audit.py,LOCAL_RECOVERY_REFERENCE/code/372547cefeb1_0660_0_085_finalize_margin_audit.py,372547cefeb1889017ca2147bd24f426419f098566e949e9b0e3841f5c8c4ee9
Recovered_Code_2026-09-20-21/History/Complete_Recorded_Snapshots/0675_0_086_inspect_before.jsx,LOCAL_RECOVERY_REFERENCE/code/228e6a80c4e9_0675_0_086_inspect_before.jsx,228e6a80c4e9f0564fe2971a943a2ebae765feb133de1899bd876b3ab75df615
Recovered_Code_2026-09-20-21/History/Complete_Recorded_Snapshots/0684_0_087_draw_rnaseq_workflow.jsx,LOCAL_RECOVERY_REFERENCE/code/49491184205e_0684_0_087_draw_rnaseq_workflow.jsx,49491184205e00a41fdda183e28c761806505d91cd222a5cc4dc64a55e6e966b
Recovered_Code_2026-09-20-21/History/Complete_Recorded_Snapshots/0684_0_088_apply_workflow.jsx,LOCAL_RECOVERY_REFERENCE/code/e9edfe302225_0684_0_088_apply_workflow.jsx,e9edfe302225f5c5cc39dd9e19134e4f195ed5aa99049656b5abceb7b836fe6e
Recovered_Code_2026-09-20-21/History/Complete_Recorded_Snapshots/0688_0_089_save_and_export.jsx,LOCAL_RECOVERY_REFERENCE/code/1f5dbf0b9e2e_0688_0_089_save_and_export.jsx,1f5dbf0b9e2e76ce8ce90f72c137c03f6ff51875cb84c723d4881a680904fa6a
Recovered_Code_2026-09-20-21/History/Complete_Recorded_Snapshots/0688_0_090_generate_rnaseq_workflow.jsx,LOCAL_RECOVERY_REFERENCE/code/c7bd8748df9b_0688_0_090_generate_rnaseq_workflow.jsx,c7bd8748df9b5d21f22f84f9154a5b7548c3d46a681a65199b41a01e49bfff85
Recovered_Code_2026-09-20-21/History/Complete_Recorded_Snapshots/0689_0_091_sync_s1a_workflow.py,LOCAL_RECOVERY_REFERENCE/code/c8369321d959_0689_0_091_sync_s1a_workflow.py,c8369321d9593e66f555ee439484fbe367e1c6436582e3d3d8ceee62626cd7fa
Recovered_Code_2026-09-20-21/History/Complete_Recorded_Snapshots/0690_0_092_test_rebuilds.jsx,LOCAL_RECOVERY_REFERENCE/code/7b68aa203a6e_0690_0_092_test_rebuilds.jsx,7b68aa203a6edb67695b01e78929b3561e95d7ef3c01199b4a907681e513ae7b
Recovered_GitHub_History_2026-09-22/Before_September18_Cleanup/figures/Figure_1C_Female_Volcano/Code/generate_volcano.R,LOCAL_RECOVERY_REFERENCE/code/fd544932c9ae_generate_volcano.R,fd544932c9aee138064af1b38488cbb59abbee163b9741cc9a88b9077019cb8f
Recovered_GitHub_History_2026-09-22/Before_September18_Cleanup/figures/Figure_1C_Female_Volcano/Code/raster_png_to_pdf.py,LOCAL_RECOVERY_REFERENCE/code/a1e7c6ab9342_raster_png_to_pdf.py,a1e7c6ab9342be981e5724fb5cf140ec6427591c20c33bbedfe6e01bcecacf5a
Recovered_GitHub_History_2026-09-22/Before_September18_Cleanup/figures/Figure_2B_Program_Ring/Code/figure_style.R,LOCAL_RECOVERY_REFERENCE/code/ef536daf02b5_figure_style.R,ef536daf02b5186431cc70ef7868d235c35c0f15513b72eba8368b5e304a5daf
Recovered_GitHub_History_2026-09-22/Before_September18_Cleanup/figures/Figure_2B_Program_Ring/Code/generate_figure2B_ring.R,LOCAL_RECOVERY_REFERENCE/code/922068f566ba_generate_figure2B_ring.R,922068f566baaae5b054eefb262b421ea786df707ca5389ad7ad0e4fea78004d
Recovered_GitHub_History_2026-09-22/Before_September18_Cleanup/figures/Figure_2C_STRING_Network/Code/figure_style.R,LOCAL_RECOVERY_REFERENCE/code/2c94abb3a726_figure_style.R,2c94abb3a7266b5571b3da870d038ddae5ad32b799f2982f57ef14edf5c5192b
Recovered_GitHub_History_2026-09-22/Before_September18_Cleanup/figures/Figure_2C_STRING_Network/Code/generate_rnaseq_figures.R,LOCAL_RECOVERY_REFERENCE/code/7b0966722496_generate_rnaseq_figures.R,7b09667224964e683860bee0484ba73c6df0c5a18b4597ed26a1168e7cc5ead0
Recovered_GitHub_History_2026-09-22/Before_September18_Cleanup/figures/Figure_2C_STRING_Network/Code/generate_string_network.R,LOCAL_RECOVERY_REFERENCE/code/76319d45cf1f_generate_string_network.R,76319d45cf1f22dc9540fa8f9a08953f2eb7eba59122cd295bf955a743aa46b9
Recovered_GitHub_History_2026-09-22/Before_September18_Cleanup/figures/Figure_2D_Selected_Genes/Code/figure_style.R,LOCAL_RECOVERY_REFERENCE/code/4f79dd39e3ff_figure_style.R,4f79dd39e3ff951a8927bc29cea56b0fe8bfe5b4b22cccc564c0d6ac76378bdf
Recovered_GitHub_History_2026-09-22/Before_September18_Cleanup/figures/Figure_2D_Selected_Genes/Code/generate_figure2D_selected_genes.R,LOCAL_RECOVERY_REFERENCE/code/20d9bafb0496_generate_figure2D_selected_genes.R,20d9bafb04962f9918af9949d67833b5ae735aed4436334e89ee1ee83d2e1d26
Recovered_GitHub_History_2026-09-22/Before_September18_Cleanup/figures/Figure_3A_Sleep_Profile/Code/figure_style.R,LOCAL_RECOVERY_REFERENCE/code/2c94abb3a726_figure_style.R,2c94abb3a7266b5571b3da870d038ddae5ad32b799f2982f57ef14edf5c5192b
Recovered_GitHub_History_2026-09-22/Before_September18_Cleanup/figures/Figure_3A_Sleep_Profile/Code/generate_sleep_activity_figures.R,LOCAL_RECOVERY_REFERENCE/code/4fb649e10f01_generate_sleep_activity_figures.R,4fb649e10f01eed80bc128332ce357760e0d0a53f1c0f914a9ac4caa3f698c64
Recovered_GitHub_History_2026-09-22/Before_September18_Cleanup/figures/Figure_3B_Total_Sleep/Code/figure_style.R,LOCAL_RECOVERY_REFERENCE/code/2c94abb3a726_figure_style.R,2c94abb3a7266b5571b3da870d038ddae5ad32b799f2982f57ef14edf5c5192b
Recovered_GitHub_History_2026-09-22/Before_September18_Cleanup/figures/Figure_3B_Total_Sleep/Code/generate_sleep_activity_figures.R,LOCAL_RECOVERY_REFERENCE/code/4fb649e10f01_generate_sleep_activity_figures.R,4fb649e10f01eed80bc128332ce357760e0d0a53f1c0f914a9ac4caa3f698c64
Recovered_GitHub_History_2026-09-22/Before_September18_Cleanup/figures/Figure_3C_Day_Night_Sleep/Code/figure_style.R,LOCAL_RECOVERY_REFERENCE/code/2c94abb3a726_figure_style.R,2c94abb3a7266b5571b3da870d038ddae5ad32b799f2982f57ef14edf5c5192b
Recovered_GitHub_History_2026-09-22/Before_September18_Cleanup/figures/Figure_3C_Day_Night_Sleep/Code/generate_sleep_activity_figures.R,LOCAL_RECOVERY_REFERENCE/code/4fb649e10f01_generate_sleep_activity_figures.R,4fb649e10f01eed80bc128332ce357760e0d0a53f1c0f914a9ac4caa3f698c64
Recovered_GitHub_History_2026-09-22/Before_September18_Cleanup/figures/Figure_3D_Activity_Profile/Code/figure_style.R,LOCAL_RECOVERY_REFERENCE/code/2c94abb3a726_figure_style.R,2c94abb3a7266b5571b3da870d038ddae5ad32b799f2982f57ef14edf5c5192b
Recovered_GitHub_History_2026-09-22/Before_September18_Cleanup/figures/Figure_3D_Activity_Profile/Code/generate_sleep_activity_figures.R,LOCAL_RECOVERY_REFERENCE/code/4fb649e10f01_generate_sleep_activity_figures.R,4fb649e10f01eed80bc128332ce357760e0d0a53f1c0f914a9ac4caa3f698c64
Recovered_GitHub_History_2026-09-22/Before_September18_Cleanup/figures/Figure_3E_Total_Activity/Code/figure_style.R,LOCAL_RECOVERY_REFERENCE/code/2c94abb3a726_figure_style.R,2c94abb3a7266b5571b3da870d038ddae5ad32b799f2982f57ef14edf5c5192b
Recovered_GitHub_History_2026-09-22/Before_September18_Cleanup/figures/Figure_3E_Total_Activity/Code/generate_sleep_activity_figures.R,LOCAL_RECOVERY_REFERENCE/code/4fb649e10f01_generate_sleep_activity_figures.R,4fb649e10f01eed80bc128332ce357760e0d0a53f1c0f914a9ac4caa3f698c64
Recovered_GitHub_History_2026-09-22/Before_September18_Cleanup/figures/Figure_3F_Day_Night_Activity/Code/figure_style.R,LOCAL_RECOVERY_REFERENCE/code/2c94abb3a726_figure_style.R,2c94abb3a7266b5571b3da870d038ddae5ad32b799f2982f57ef14edf5c5192b
Recovered_GitHub_History_2026-09-22/Before_September18_Cleanup/figures/Figure_3F_Day_Night_Activity/Code/generate_sleep_activity_figures.R,LOCAL_RECOVERY_REFERENCE/code/4fb649e10f01_generate_sleep_activity_figures.R,4fb649e10f01eed80bc128332ce357760e0d0a53f1c0f914a9ac4caa3f698c64
Recovered_GitHub_History_2026-09-22/Before_September18_Cleanup/figures/Figure_3H_Performance_Index/Code/figure_style.R,LOCAL_RECOVERY_REFERENCE/code/2c94abb3a726_figure_style.R,2c94abb3a7266b5571b3da870d038ddae5ad32b799f2982f57ef14edf5c5192b
Recovered_GitHub_History_2026-09-22/Before_September18_Cleanup/figures/Figure_3H_Performance_Index/Code/generate_fig3h_locomotion.R,LOCAL_RECOVERY_REFERENCE/code/ce16395501bf_generate_fig3h_locomotion.R,ce16395501bfecf44e62907addd15426fffc001e75e75e3b96aa0375f36a10db
Recovered_GitHub_History_2026-09-22/Before_September18_Cleanup/figures/Figure_3J_Mitochondrial_Perimeter/Code/figure_style.R,LOCAL_RECOVERY_REFERENCE/code/2c94abb3a726_figure_style.R,2c94abb3a7266b5571b3da870d038ddae5ad32b799f2982f57ef14edf5c5192b
Recovered_GitHub_History_2026-09-22/Before_September18_Cleanup/figures/Figure_3J_Mitochondrial_Perimeter/Code/generate_tem_figures.R,LOCAL_RECOVERY_REFERENCE/code/840c553a4c21_generate_tem_figures.R,840c553a4c213136617ed6cfd1f3f3b6fd58d94facff8a27621a458d48c26557
Recovered_GitHub_History_2026-09-22/Before_September18_Cleanup/figures/Figure_3K_Mitochondrial_Area/Code/figure_style.R,LOCAL_RECOVERY_REFERENCE/code/2c94abb3a726_figure_style.R,2c94abb3a7266b5571b3da870d038ddae5ad32b799f2982f57ef14edf5c5192b
Recovered_GitHub_History_2026-09-22/Before_September18_Cleanup/figures/Figure_3K_Mitochondrial_Area/Code/generate_tem_figures.R,LOCAL_RECOVERY_REFERENCE/code/840c553a4c21_generate_tem_figures.R,840c553a4c213136617ed6cfd1f3f3b6fd58d94facff8a27621a458d48c26557
Recovered_GitHub_History_2026-09-22/Before_September18_Cleanup/figures/Figure_3L_Mitochondrial_Aspect_Ratio/Code/figure_style.R,LOCAL_RECOVERY_REFERENCE/code/2c94abb3a726_figure_style.R,2c94abb3a7266b5571b3da870d038ddae5ad32b799f2982f57ef14edf5c5192b
Recovered_GitHub_History_2026-09-22/Before_September18_Cleanup/figures/Figure_3L_Mitochondrial_Aspect_Ratio/Code/generate_tem_figures.R,LOCAL_RECOVERY_REFERENCE/code/840c553a4c21_generate_tem_figures.R,840c553a4c213136617ed6cfd1f3f3b6fd58d94facff8a27621a458d48c26557
Recovered_GitHub_History_2026-09-22/Before_September18_Cleanup/figures/Figure_3N_TMRM_MTG_Ratio/Code/figure_style.R,LOCAL_RECOVERY_REFERENCE/code/2c94abb3a726_figure_style.R,2c94abb3a7266b5571b3da870d038ddae5ad32b799f2982f57ef14edf5c5192b
Recovered_GitHub_History_2026-09-22/Before_September18_Cleanup/figures/Figure_3N_TMRM_MTG_Ratio/Code/generate_tmrm_figure.R,LOCAL_RECOVERY_REFERENCE/code/b3e901a509a8_generate_tmrm_figure.R,b3e901a509a8bea6367a857d79080a75494284da8d6b3f8c13166183e7f092fb
Recovered_GitHub_History_2026-09-22/Before_September18_Cleanup/figures/Figure_4A_TIMELESS/Code/figure_style.R,LOCAL_RECOVERY_REFERENCE/code/2c94abb3a726_figure_style.R,2c94abb3a7266b5571b3da870d038ddae5ad32b799f2982f57ef14edf5c5192b
Recovered_GitHub_History_2026-09-22/Before_September18_Cleanup/figures/Figure_4A_TIMELESS/Code/generate_timeless_figures.R,LOCAL_RECOVERY_REFERENCE/code/86e6a53c78ff_generate_timeless_figures.R,86e6a53c78ffd4d0f060b724b9a62cefda6497cefa89381b3153b58620c8a2c6
Recovered_GitHub_History_2026-09-22/Before_September18_Cleanup/figures/Figure_4B_MTT_Viability/Code/figure_style.R,LOCAL_RECOVERY_REFERENCE/code/5f5c0823204b_figure_style.R,5f5c0823204b23f59f0e39031f0cb367dfbe551b03b49a240a32654d09ba8393
Recovered_GitHub_History_2026-09-22/Before_September18_Cleanup/figures/Figure_4B_MTT_Viability/Code/generate_mtt_figure.R,LOCAL_RECOVERY_REFERENCE/code/b548f0d99258_generate_mtt_figure.R,b548f0d9925886f33bd8654dce7df5fdf8acd4ea7d35e1ed6b1c5ee951159915
Recovered_GitHub_History_2026-09-22/Before_September18_Cleanup/figures/Figure_S1B_Western_Blot/Code/figure_style.R,LOCAL_RECOVERY_REFERENCE/code/ef536daf02b5_figure_style.R,ef536daf02b5186431cc70ef7868d235c35c0f15513b72eba8368b5e304a5daf
Recovered_GitHub_History_2026-09-22/Before_September18_Cleanup/figures/Figure_S1B_Western_Blot/Code/generate_MIC60_WB_anti_myc_quantification.R,LOCAL_RECOVERY_REFERENCE/code/fb8e7fc27550_generate_MIC60_WB_anti_myc_quantification.R,fb8e7fc275504521dcd48a7005ce15480c64db852b2fd4d80e4a54121858f5c8
Recovered_GitHub_History_2026-09-22/Before_September18_Cleanup/figures/Figure_S1C_Male_Volcano/Code/generate_volcano.R,LOCAL_RECOVERY_REFERENCE/code/fd544932c9ae_generate_volcano.R,fd544932c9aee138064af1b38488cbb59abbee163b9741cc9a88b9077019cb8f
Recovered_GitHub_History_2026-09-22/Before_September18_Cleanup/figures/Figure_S1C_Male_Volcano/Code/raster_png_to_pdf.py,LOCAL_RECOVERY_REFERENCE/code/a1e7c6ab9342_raster_png_to_pdf.py,a1e7c6ab9342be981e5724fb5cf140ec6427591c20c33bbedfe6e01bcecacf5a
Recovered_GitHub_History_2026-09-22/Before_September18_Cleanup/figures/Figure_S2_KEGG_GSEA/Code/plot_Figure_S2_KEGG_GSEA.R,LOCAL_RECOVERY_REFERENCE/code/bb9acb8d3876_plot_Figure_S2_KEGG_GSEA.R,bb9acb8d38765b886c32756a5fd678282e3d037e6974c19cb9d304c2165e7e8e
Recovered_GitHub_History_2026-09-22/Before_September18_Cleanup/figures/Figure_S2_KEGG_GSEA/Code/plot_kegg_gsea_visualizations.R,LOCAL_RECOVERY_REFERENCE/code/a925ba7ead6f_plot_kegg_gsea_visualizations.R,a925ba7ead6f5a1de7de7a822e787e3ff11513efd41d16776fd852b4159a8dd7
Recovered_GitHub_History_2026-09-22/Before_September18_Cleanup/figures/Figure_S2_KEGG_GSEA/Code/run_kegg_gsea_analysis.R,LOCAL_RECOVERY_REFERENCE/code/15e6b6735de8_run_kegg_gsea_analysis.R,15e6b6735de80f67d3dbbfbbbb67df1b23332f14eeef1eec7d014eac7b02ea8b
Recovered_GitHub_History_2026-09-22/Before_September18_Cleanup/figures/Figure_S3_Selected_Gene_Modules/Code/generate_FigS3_selected_modules.R,LOCAL_RECOVERY_REFERENCE/code/424d3d16e5af_generate_FigS3_selected_modules.R,424d3d16e5af594d9a4a1410772e6a6c7ab31932bda8e137a3e02dff66131140
Recovered_GitHub_History_2026-09-22/Before_September18_Cleanup/figures/Figure_S4A_Stress_Response/Code/figure_style.R,LOCAL_RECOVERY_REFERENCE/code/b5198cc35e18_figure_style.R,b5198cc35e18001f94bcf6d2727f4f0598e98d262598c304845c10f10dd30e09
Recovered_GitHub_History_2026-09-22/Before_September18_Cleanup/figures/Figure_S4A_Stress_Response/Code/generate_FigS4A_stress.R,LOCAL_RECOVERY_REFERENCE/code/9cbdd5fca14e_generate_FigS4A_stress.R,9cbdd5fca14e91b6cf2cf1db683f02c2948288ff2271dee5be39e2f92443a6e8
Recovered_GitHub_History_2026-09-22/Before_September18_Cleanup/figures/Figure_S4C_Transfection_Efficiency/Code/figure_style.R,LOCAL_RECOVERY_REFERENCE/code/ef536daf02b5_figure_style.R,ef536daf02b5186431cc70ef7868d235c35c0f15513b72eba8368b5e304a5daf
Recovered_GitHub_History_2026-09-22/Before_September18_Cleanup/figures/Figure_S4C_Transfection_Efficiency/Code/generate_transfection_efficiency.R,LOCAL_RECOVERY_REFERENCE/code/b0af4e8d87bf_generate_transfection_efficiency.R,b0af4e8d87bf9d8df0f45d23e02c39c87958c2c496b3c34fe59dc7c81130e6af
Recovered_GitHub_History_2026-09-22/Before_September9_Survival_Removal/figures/Figure_3G_Survival/Code/survival_curve.R,LOCAL_RECOVERY_REFERENCE/code/546983a31f89_survival_curve.R,546983a31f89b13f4c8a034121f8152f9aace4cf011126be54a726e7d86c506a
Recovered_Illustrator_2026-09-22/save_recovered.jsx,LOCAL_RECOVERY_REFERENCE/code/ad68e63dd4d9_save_recovered.jsx,ad68e63dd4d93d52e14b7357c75ebefd2086c18b27849690d4a7c43ccea73d4c
Recovered_Illustrator_2026-09-22/verify_recovered.jsx,LOCAL_RECOVERY_REFERENCE/code/b93bc003add3_verify_recovered.jsx,b93bc003add3b3b43850768312da34ede126c6c7abf7118ac2a6dd57800bb901
Recovered_Source_History_2026-09-22/Sources/Figure_S1A_RNAseq_Workflow/Code/draw_rnaseq_workflow.jsx,LOCAL_RECOVERY_REFERENCE/code/0b37bac1e7eb_draw_rnaseq_workflow.jsx,0b37bac1e7eb49df1117803ea06b49e51cd06cae2bb846bef22534a6c65ff07d
Recovered_Source_History_2026-09-22/Sources/Figure_S1A_RNAseq_Workflow/Code/generate_rnaseq_workflow.jsx,LOCAL_RECOVERY_REFERENCE/code/c7bd8748df9b_generate_rnaseq_workflow.jsx,c7bd8748df9b5d21f22f84f9154a5b7548c3d46a681a65199b41a01e49bfff85
Recreated_From_September_Code_2026-09-22/add_fig1_heatmap_legend.jsx,LOCAL_RECOVERY_REFERENCE/code/8bee585e1bf6_add_fig1_heatmap_legend.jsx,8bee585e1bf6a522241cabdbdced56e4b2f319af465534bc824b85dab2220cc3
Recreated_From_September_Code_2026-09-22/audit_open_ai.jsx,LOCAL_RECOVERY_REFERENCE/code/642a9116c858_audit_open_ai.jsx,642a9116c858a106f96d79b9a4b331c0ca9a402cad9e4f10a1e89d647c632a86
Recreated_From_September_Code_2026-09-22/audit_oversized_branches.jsx,LOCAL_RECOVERY_REFERENCE/code/25c5b845b241_audit_oversized_branches.jsx,25c5b845b24160f8710cbb66258c79db7d43aafe85e889c76c8f444a6154cc6f
Recreated_From_September_Code_2026-09-22/audit_oversized_open_ai.jsx,LOCAL_RECOVERY_REFERENCE/code/6608e592da52_audit_oversized_open_ai.jsx,6608e592da52a8f87325d1243ac3773439c475cc1241babb1228d9c501b65bb4
Recreated_From_September_Code_2026-09-22/audit_oversized_paths.jsx,LOCAL_RECOVERY_REFERENCE/code/3198e45a10fb_audit_oversized_paths.jsx,3198e45a10fb08e7d6a78a84c6e0d7838d3ed289d000466385b5945bd1e0e6f1
Recreated_From_September_Code_2026-09-22/clean_fig3_vector_graphs.jsx,LOCAL_RECOVERY_REFERENCE/code/f5219ebda515_clean_fig3_vector_graphs.jsx,f5219ebda5158a342cf240c32f362ef012bca33508422d3e9ebad0e23f34a6a4
Recreated_From_September_Code_2026-09-22/clean_open_ai_bounds.jsx,LOCAL_RECOVERY_REFERENCE/code/67ab6f5af6fb_clean_open_ai_bounds.jsx,67ab6f5af6fb48a668bc473887f110fedc2addb830887da4d99a96993b1dbb0e
Recreated_From_September_Code_2026-09-22/close_failed_fig3_draft.jsx,LOCAL_RECOVERY_REFERENCE/code/9d06dfc2edca_close_failed_fig3_draft.jsx,9d06dfc2edca20fa177233319fc74f3d01cea42d7cbe7c68b31f9635bc523093
Recreated_From_September_Code_2026-09-22/compose_fig1.jsx,LOCAL_RECOVERY_REFERENCE/code/7edd3a382d8f_compose_fig1.jsx,7edd3a382d8f264000089cbb5b7eef39d27fa81bc46e5fb3d8e8e30e513b0126
Recreated_From_September_Code_2026-09-22/compose_fig3_s4.jsx,LOCAL_RECOVERY_REFERENCE/code/8ea23aa2f38f_compose_fig3_s4.jsx,8ea23aa2f38ff498f2e64605fbec8ff26beea5aca4ea2d67c43c36df77ecb45c
Recreated_From_September_Code_2026-09-22/compose_fig4_reference.jsx,LOCAL_RECOVERY_REFERENCE/code/594a0fa317ef_compose_fig4_reference.jsx,594a0fa317ef5c17ef84f05ccc6a3f2413ffa2564d239b7cd32fc9ab419e2ef9
Recreated_From_September_Code_2026-09-22/compose_figs1.jsx,LOCAL_RECOVERY_REFERENCE/code/39753d137a75_compose_figs1.jsx,39753d137a75cc97c024c657645d0ab514cfdfbfe45c7cf868fa51415442e2cc
Recreated_From_September_Code_2026-09-22/convert_vector_panels.jsx,LOCAL_RECOVERY_REFERENCE/code/5802136f5889_convert_vector_panels.jsx,5802136f58895f9e2185e2bf0b04aa444855c526c42a3cb910ff4d26d9a12f8f
Recreated_From_September_Code_2026-09-22/export_live_fig1.jsx,LOCAL_RECOVERY_REFERENCE/code/a665f912a0bf_export_live_fig1.jsx,a665f912a0bf616ca9126bac38e9cecdf34bdb7dc8a19e9794117dfa0d4135bf
Recreated_From_September_Code_2026-09-22/extract_fig1_schematic.py,LOCAL_RECOVERY_REFERENCE/code/335ef8fe9717_extract_fig1_schematic.py,335ef8fe9717945dde7f6c2ecbe48896f4d0fef5c4fcdb2cb232f36be1544429
Recreated_From_September_Code_2026-09-22/extract_fig3_old_native_graphs.py,LOCAL_RECOVERY_REFERENCE/code/1ce00d6696ca_extract_fig3_old_native_graphs.py,1ce00d6696cae9ad76a236b9af5b8a642fbba536f17523dfda530018bb8c15d3
Recreated_From_September_Code_2026-09-22/extract_fig4_model.py,LOCAL_RECOVERY_REFERENCE/code/a6842012be0a_extract_fig4_model.py,a6842012be0a1dabe3163b0adb182cd097861193eff2085b34fc0bc06c4511fc
Recreated_From_September_Code_2026-09-22/fix_live_fig1d_remnants.jsx,LOCAL_RECOVERY_REFERENCE/code/0f8658705c13_fix_live_fig1d_remnants.jsx,0f8658705c1314dc36e6d54a2cf969d68b6f4ae5dfdc6ba703f70b6270f51dfd
Recreated_From_September_Code_2026-09-22/generate_fig3_tem_field_means.R,LOCAL_RECOVERY_REFERENCE/code/48fa3fca7a1d_generate_fig3_tem_field_means.R,48fa3fca7a1d602dfef809393b681d32fae9b07a667a48dc2019ac475c7b7895
Recreated_From_September_Code_2026-09-22/generate_fig4_timeless_historical.R,LOCAL_RECOVERY_REFERENCE/code/67c7e559ac25_generate_fig4_timeless_historical.R,67c7e559ac25840833ad408bc0f8cecc8fd10c51c2ccf479acb0d7c00e42815d
Recreated_From_September_Code_2026-09-22/generate_s4c_historical.R,LOCAL_RECOVERY_REFERENCE/code/02247cc6a2c7_generate_s4c_historical.R,02247cc6a2c7ce11e301c633230f3dbd0df3cb6b1f37b08effd2eccdcb872793
Recreated_From_September_Code_2026-09-22/inspect_fig1d_children.jsx,LOCAL_RECOVERY_REFERENCE/code/68dfa2fa20eb_inspect_fig1d_children.jsx,68dfa2fa20eb1df2ee1db4abea682bd9bece3c45f2963e477cdfe530ca069fb0
Recreated_From_September_Code_2026-09-22/inspect_fig2_annotations.jsx,LOCAL_RECOVERY_REFERENCE/code/411d2b052ab2_inspect_fig2_annotations.jsx,411d2b052ab2047680981e376c9115201dafedcc6613e769d931b26071a7b9fc
Recreated_From_September_Code_2026-09-22/inspect_fig2_giant_paths.jsx,LOCAL_RECOVERY_REFERENCE/code/4e3cbb613e50_inspect_fig2_giant_paths.jsx,4e3cbb613e506fd461ba8842436f4c1dedddad028f4f1f1e99c0dd512d899a80
Recreated_From_September_Code_2026-09-22/inspect_fig4_native.jsx,LOCAL_RECOVERY_REFERENCE/code/c133e93e0467_inspect_fig4_native.jsx,c133e93e0467a9d702020e10e11db905bfb66cbeb5de1d65cea212fba187f19d
Recreated_From_September_Code_2026-09-22/inspect_illustrator_selection.jsx,LOCAL_RECOVERY_REFERENCE/code/7eeb54d17788_inspect_illustrator_selection.jsx,7eeb54d17788e69849142bc945f7c393163496a383faace400e32537f33f9820
Recreated_From_September_Code_2026-09-22/inspect_large_group.jsx,LOCAL_RECOVERY_REFERENCE/code/37f4b421115c_inspect_large_group.jsx,37f4b421115c2322a7fdd67c410928de25962d77eba2a5030ed43d3bb468d86b
Recreated_From_September_Code_2026-09-22/inspect_open_fig3.jsx,LOCAL_RECOVERY_REFERENCE/code/e72c7401cee2_inspect_open_fig3.jsx,e72c7401cee209d707f5cb0cd62f31592101563c63702f9bf7441677f5a410a5
Recreated_From_September_Code_2026-09-22/inspect_sample_giant_paths.jsx,LOCAL_RECOVERY_REFERENCE/code/6643897dd3d1_inspect_sample_giant_paths.jsx,6643897dd3d15809f25a37a8ef05cc9db5e8af244f59534f65384043a74e32a6
Recreated_From_September_Code_2026-09-22/inspect_target_oversized.jsx,LOCAL_RECOVERY_REFERENCE/code/35ea1f68d515_inspect_target_oversized.jsx,35ea1f68d5155cda57ea4096f4874a2f4ffa53a2ce4c3413424fb7dd409c3cd1
Recreated_From_September_Code_2026-09-22/inspect_vector_fig3.jsx,LOCAL_RECOVERY_REFERENCE/code/32ec28b5a665_inspect_vector_fig3.jsx,32ec28b5a665335cd209880f68918fe79dc73f362ceea56b776a86d90c67a7e0
Recreated_From_September_Code_2026-09-22/prepare_fig4_timeless.R,LOCAL_RECOVERY_REFERENCE/code/ab671a6c2a6e_prepare_fig4_timeless.R,ab671a6c2a6ef796ac575049c345d4b37aa3eef3d8a9c348f64b3410ea9f8686
Recreated_From_September_Code_2026-09-22/prepare_s2.py,LOCAL_RECOVERY_REFERENCE/code/dee2732cc042_prepare_s2.py,dee2732cc04265d1ccd53a1b455fecffa2a9056726d5e3c7c1c30bbb04bc6590
Recreated_From_September_Code_2026-09-22/prepare_s4c.R,LOCAL_RECOVERY_REFERENCE/code/c052391c0fb9_prepare_s4c.R,c052391c0fb9bdafe3cd4c6088b121e8cb5a5a111e51984dfb23fff57fcbdc66
Recreated_From_September_Code_2026-09-22/prepare_western_blot.R,LOCAL_RECOVERY_REFERENCE/code/15913ebdaa2f_prepare_western_blot.R,15913ebdaa2f29031f8bf3b9922f4b4715934ccee0a39231bd2429caa4510a53
Recreated_From_September_Code_2026-09-22/repair_figs1_exposed_strip.jsx,LOCAL_RECOVERY_REFERENCE/code/4a83122a1b41_repair_figs1_exposed_strip.jsx,4a83122a1b41f5acede8f2baeed375bfd5589ddebf941a6a77611d0d680c0ba3
Recreated_From_September_Code_2026-09-22/restore_fig3n_reference.jsx,LOCAL_RECOVERY_REFERENCE/code/fbbb1055c157_restore_fig3n_reference.jsx,fbbb1055c157ee2d1857897dd2a2d2666124234b87a2e06b3318ce35c9bb5108
Recreated_From_September_Code_2026-09-22/restore_figs1_legend.jsx,LOCAL_RECOVERY_REFERENCE/code/b6066d30d52f_restore_figs1_legend.jsx,b6066d30d52f331dc3c1ea8356003033308e8802eafef622f19914b6b6d6361c
Recreated_From_September_Code_2026-09-22/test_duplicate.jsx,LOCAL_RECOVERY_REFERENCE/code/c32a38d23960_test_duplicate.jsx,c32a38d23960c3d4f14db193108eb1db879c299ecad131882c437316cb4f39b2
Recreated_From_September_Code_2026-09-22/test_embed.jsx,LOCAL_RECOVERY_REFERENCE/code/8edc05ad1c3e_test_embed.jsx,8edc05ad1c3ed4007f28b84ceda8768e1e01764857c80db1f3a276e7611e56f8
Recreated_From_September_Code_2026-09-22/update_fig2_recorded_p.jsx,LOCAL_RECOVERY_REFERENCE/code/9b3d23621299_update_fig2_recorded_p.jsx,9b3d236212993d6ae90be11d2964005694935985f8dd9fadd49e2d5806ea577e
Recreated_From_September_Code_2026-09-22/upgrade_open_fig3.jsx,LOCAL_RECOVERY_REFERENCE/code/404bdafbf1d4_upgrade_open_fig3.jsx,404bdafbf1d4e4ac4fbdd7ba842443501001a0847624475cef0d88463122b055
Recreated_From_September_Code_2026-09-22/vectorize_remaining_open_figures.jsx,LOCAL_RECOVERY_REFERENCE/code/a48526246d9b_vectorize_remaining_open_figures.jsx,a48526246d9bca9c8ba26550ca1e56e667acbdfa2ff2a858ccab913a9052427b
Recreated_From_September_Code_2026-09-22/verify_cleaned_bounds.jsx,LOCAL_RECOVERY_REFERENCE/code/7df24bdd8489_verify_cleaned_bounds.jsx,7df24bdd84899f47d2570df39727fff6e95a932e24b803efb37ad8667ac5527c
Recreated_From_September_Code_2026-09-22/working_analysis/code/01_rnaseq.R,LOCAL_RECOVERY_REFERENCE/code/a4ccb40a0398_01_rnaseq.R,a4ccb40a0398a35d58c96d6b6447754828c233464aafc9602724abd2a8535d1f
Recreated_From_September_Code_2026-09-22/working_analysis/code/02_sleep_activity.R,LOCAL_RECOVERY_REFERENCE/code/5eaa0470c36e_02_sleep_activity.R,5eaa0470c36ee16c7b02a4c4e68ec4edbf40754f9203546cc057af43ffbbfd95
Recreated_From_September_Code_2026-09-22/working_analysis/code/03_assay_audit.py,LOCAL_RECOVERY_REFERENCE/code/23d8a3379388_03_assay_audit.py,23d8a3379388d936845d2582c7a9b7dc615c70d7c597f600c53571f0b6b9e8b0
Recreated_From_September_Code_2026-09-22/working_analysis/code/04_review_panels.R,LOCAL_RECOVERY_REFERENCE/code/5c0d3608c60a_04_review_panels.R,5c0d3608c60abebe4b730a34d8a37c25be00b717d81bbf333fdc55ceebf47c4e
Recreated_From_September_Code_2026-09-22/working_analysis/code/05_go_pathways.R,LOCAL_RECOVERY_REFERENCE/code/509bd08ed954_05_go_pathways.R,509bd08ed95477336702be90390208c85188d9057e8adb60dab2629dd8db0c5d
Recreated_From_September_Code_2026-09-22/working_analysis/code/06_additional_assays.R,LOCAL_RECOVERY_REFERENCE/code/5dbf7476b95d_06_additional_assays.R,5dbf7476b95d00281c2421fd7224b8a6c476b088f295ddc74b000619b1dc0fc0
Recreated_From_September_Code_2026-09-22/working_analysis/code/07_rnaseq_displays.R,LOCAL_RECOVERY_REFERENCE/code/73131ff87018_07_rnaseq_displays.R,73131ff87018693281959dc5db49260ba1e3fc8d52f430b2ec0b3cdca0045b6c
Recreated_From_September_Code_2026-09-22/working_analysis/code/08_full_figure_panels.py,LOCAL_RECOVERY_REFERENCE/code/4d0a449c3247_08_full_figure_panels.py,4d0a449c324788e465c1fe6b24d93c9df4f219f124ac13840b8f090a80b1f990
Recreated_From_September_Code_2026-09-22/working_analysis/code/09_schematics.R,LOCAL_RECOVERY_REFERENCE/code/4fbe63e81bec_09_schematics.R,4fbe63e81bec7b50388c211167bd8603f06d5c895df5ca29ab3acecaf8d06a70
Recreated_From_September_Code_2026-09-22/working_analysis/code/figure_style.R,LOCAL_RECOVERY_REFERENCE/code/907862b2b6db_figure_style.R,907862b2b6dbc5a6ab0355e7cc416a02d930be4d1ae0b03f9348764b7cacd712
Recreated_From_September_Code_2026-09-22/working_analysis/code/generate_mtt_figure.R,LOCAL_RECOVERY_REFERENCE/code/a73386c3f016_generate_mtt_figure.R,a73386c3f016d64b52affbe4fd8fea8113f76def606f80c3616b1dcf0ddc1b8e
Recreated_From_September_Code_2026-09-22/working_analysis/code/generate_sleep_activity_figures.R,LOCAL_RECOVERY_REFERENCE/code/e459ad26a2be_generate_sleep_activity_figures.R,e459ad26a2be3e2be6296705b3c1f3f78c4aa313146c3e8d467c27219df34dac
Recreated_From_September_Code_2026-09-22/working_analysis/code/go_analysis_config.R,LOCAL_RECOVERY_REFERENCE/code/555d33955fc6_go_analysis_config.R,555d33955fc6fff84779e65ae497dc4eee4d8f9eaf6f050542051dab94a08bc9
Recreated_From_September_Code_2026-09-22/working_analysis/code/go_highlight_config.R,LOCAL_RECOVERY_REFERENCE/code/6bc840abf9dc_go_highlight_config.R,6bc840abf9dc163602257160ed184f4ee3c55ec46d885250dd9bb4a411521b26
Recreated_From_September_Code_2026-09-22/working_analysis/code/illustrator_notation/edit_fig3.jsx,LOCAL_RECOVERY_REFERENCE/code/2cdb25915509_edit_fig3.jsx,2cdb2591550936a838664f9df9c35ff31089ad264b730e9f5ee50055072fc667
Recreated_From_September_Code_2026-09-22/working_analysis/code/illustrator_notation/edit_remaining.jsx,LOCAL_RECOVERY_REFERENCE/code/b47949d006c0_edit_remaining.jsx,b47949d006c02e21e5321251fb16267fed63750a707a011d77d6a68d1adebcff
Recreated_From_September_Code_2026-09-22/working_analysis/code/illustrator_notation/finish_labels.jsx,LOCAL_RECOVERY_REFERENCE/code/efd12d198833_finish_labels.jsx,efd12d198833b26c3f93aeabc8432d87abb8a538f75e5d181e8b060f41f78281
Recreated_From_September_Code_2026-09-22/working_analysis/code/illustrator_notation/inspect.jsx,LOCAL_RECOVERY_REFERENCE/code/2ef9b5122a83_inspect.jsx,2ef9b5122a831e1b42e8abd6a3b7f32ed9ede5c5ea550f7ae99c5a1d8d0b2fdb
Recreated_From_September_Code_2026-09-22/working_analysis/code/illustrator_notation/inspect_artwork.jsx,LOCAL_RECOVERY_REFERENCE/code/04f28e2ea28a_inspect_artwork.jsx,04f28e2ea28a021bb0623c3323a24cf3d66aa3ebe2cd6253d852925e6a6f4e03
Recreated_From_September_Code_2026-09-22/working_analysis/code/illustrator_notation/refine_fig3.jsx,LOCAL_RECOVERY_REFERENCE/code/124f42b01748_refine_fig3.jsx,124f42b01748b78e9e1698d74d2b1db60f822aa1bd7731fafa6a0b208140ca60
Recreated_From_September_Code_2026-09-22/working_analysis/code/label_layout.R,LOCAL_RECOVERY_REFERENCE/code/3f41c0ed1217_label_layout.R,3f41c0ed12171392132c1cfc19f947bbefce7406bc3c01e870fa662cc534053f
Recreated_From_September_Code_2026-09-22/working_analysis/code/sleep_cohort_sensitivity.R,LOCAL_RECOVERY_REFERENCE/code/8744c068970d_sleep_cohort_sensitivity.R,8744c068970d189b722d8014bd29cc2b74def31793f350042ac3ea173ba8def9
Recreated_From_September_Code_2026-09-22/working_analysis/figure_sources/Figure_1B_PCA/Code/generate_compact_pca.R,LOCAL_RECOVERY_REFERENCE/code/acca2f428306_generate_compact_pca.R,acca2f428306c6ff0c6985a91ddde7f92b7b895cbb890e96e3d25e2a5f6a1b4c
Recreated_From_September_Code_2026-09-22/working_analysis/figure_sources/Figure_1C_Female_Volcano/Code/figure_style.R,LOCAL_RECOVERY_REFERENCE/code/cb0a60e73f43_figure_style.R,cb0a60e73f438bdebb1c26921cd2d867e0854f1e443abcf4e5605629d4fba26f
Recreated_From_September_Code_2026-09-22/working_analysis/figure_sources/Figure_1C_Female_Volcano/Code/generate_consistent_female_male_volcano_plots.R,LOCAL_RECOVERY_REFERENCE/code/e9f6bc91af07_generate_consistent_female_male_volcano_plots.R,e9f6bc91af0752fa1a1268f6d9a334c08c6ca509bf328400adc063515a11ea27
Recreated_From_September_Code_2026-09-22/working_analysis/figure_sources/Figure_1D_Heatmap/Code/generate_female_heatmap.R,LOCAL_RECOVERY_REFERENCE/code/a785bbe9d4a5_generate_female_heatmap.R,a785bbe9d4a51d1e3b916f525ec76f8dc9d5238dba85940aac1e8b3f1c6e0f15
Recreated_From_September_Code_2026-09-22/working_analysis/figure_sources/Figure_2C_Program_Ring/Code/plot_expanded_paper_style.R,LOCAL_RECOVERY_REFERENCE/code/d056ef20dfb8_plot_expanded_paper_style.R,d056ef20dfb810a52ff445da6c60639862b94a83bf5e392c8d69c9590111221b
Recreated_From_September_Code_2026-09-22/working_analysis/figure_sources/Figure_2D_STRING_Network/Code/figure_style.R,LOCAL_RECOVERY_REFERENCE/code/cb0a60e73f43_figure_style.R,cb0a60e73f438bdebb1c26921cd2d867e0854f1e443abcf4e5605629d4fba26f
Recreated_From_September_Code_2026-09-22/working_analysis/figure_sources/Figure_2D_STRING_Network/Code/plot_compact_landscape.R,LOCAL_RECOVERY_REFERENCE/code/79d8bd6a90f7_plot_compact_landscape.R,79d8bd6a90f7bf712d0a1202fc066aabdc5f6db6a7736894157df5d118ab6e4a
Recreated_From_September_Code_2026-09-22/working_analysis/figure_sources/Figure_2E_Individual_Genes/Code/figure_style.R,LOCAL_RECOVERY_REFERENCE/code/cb0a60e73f43_figure_style.R,cb0a60e73f438bdebb1c26921cd2d867e0854f1e443abcf4e5605629d4fba26f
Recreated_From_September_Code_2026-09-22/working_analysis/figure_sources/Figure_2E_Individual_Genes/Code/generate_figure2E.R,LOCAL_RECOVERY_REFERENCE/code/20d373c1268d_generate_figure2E.R,20d373c1268dd471ac8466796facccace85d0cea333dcc37eddbede957fefa16
Recreated_From_September_Code_2026-09-22/working_analysis/figure_sources/Figure_3H_Locomotion/Code/figure_style.R,LOCAL_RECOVERY_REFERENCE/code/b77a8dc63127_figure_style.R,b77a8dc63127a8e10f92629bcd6f6c0a95645f9ccd6397af30c985d66d475eac
Recreated_From_September_Code_2026-09-22/working_analysis/figure_sources/Figure_3H_Locomotion/Code/generate_fig3h_locomotion.R,LOCAL_RECOVERY_REFERENCE/code/0b2678b610ed_generate_fig3h_locomotion.R,0b2678b610edbfa6f0f4704130602c9f9db21faf0a1b53dfbb3ac57073459863
Recreated_From_September_Code_2026-09-22/working_analysis/figure_sources/Figure_3K_Mitochondrial_Area/Code/figure_style.R,LOCAL_RECOVERY_REFERENCE/code/cb0a60e73f43_figure_style.R,cb0a60e73f438bdebb1c26921cd2d867e0854f1e443abcf4e5605629d4fba26f
Recreated_From_September_Code_2026-09-22/working_analysis/figure_sources/Figure_3K_Mitochondrial_Area/Code/generate_tem_figures_2026_08_04.R,LOCAL_RECOVERY_REFERENCE/code/e12b8d6cdbd6_generate_tem_figures_2026_08_04.R,e12b8d6cdbd6e653448b6b4e560748da329613ed712c7bcb2cc34e6472bce438
Recreated_From_September_Code_2026-09-22/working_analysis/figure_sources/Figure_3O_TMRM/Code/figure_style.R,LOCAL_RECOVERY_REFERENCE/code/cb0a60e73f43_figure_style.R,cb0a60e73f438bdebb1c26921cd2d867e0854f1e443abcf4e5605629d4fba26f
Recreated_From_September_Code_2026-09-22/working_analysis/figure_sources/Figure_3O_TMRM/Code/generate_tmrm_image_means_only_figure.R,LOCAL_RECOVERY_REFERENCE/code/cd073f574880_generate_tmrm_image_means_only_figure.R,cd073f5748804b81b28e3861ce8a1c7ab7191f33a8aec5d1645347d7231a8183
Recreated_From_September_Code_2026-09-22/working_analysis/figure_sources/Figure_4B_MTT/Code/figure_style.R,LOCAL_RECOVERY_REFERENCE/code/cb0a60e73f43_figure_style.R,cb0a60e73f438bdebb1c26921cd2d867e0854f1e443abcf4e5605629d4fba26f
Recreated_From_September_Code_2026-09-22/working_analysis/figure_sources/Figure_4B_MTT/Code/generate_mtt_figure.R,LOCAL_RECOVERY_REFERENCE/code/483f0fe1c90f_generate_mtt_figure.R,483f0fe1c90fcc89b8ba267b97b9b5cf925a5d360d394794ce7e834d9a99a940
Recreated_From_September_Code_2026-09-22/working_analysis/figure_sources/Figure_4C_TIMELESS/Code/figure_style.R,LOCAL_RECOVERY_REFERENCE/code/0901db483744_figure_style.R,0901db483744e90fd813dc8800f7a880d295686e3c8688198c864f45d67bb251
Recreated_From_September_Code_2026-09-22/working_analysis/figure_sources/Figure_4C_TIMELESS/Code/generate_Fig4A_compact.R,LOCAL_RECOVERY_REFERENCE/code/6c9b672cb06a_generate_Fig4A_compact.R,6c9b672cb06a4844ed02f60429de08b88665399be281f83383a812d0eb76581b
Recreated_From_September_Code_2026-09-22/working_analysis/figure_sources/Figure_S1B_Western_Blot/Code/figure_style.R,LOCAL_RECOVERY_REFERENCE/code/cb0a60e73f43_figure_style.R,cb0a60e73f438bdebb1c26921cd2d867e0854f1e443abcf4e5605629d4fba26f
Recreated_From_September_Code_2026-09-22/working_analysis/figure_sources/Figure_S1B_Western_Blot/Code/generate_MIC60_WB_anti_myc_quantification.R,LOCAL_RECOVERY_REFERENCE/code/4dbfe0be704a_generate_MIC60_WB_anti_myc_quantification.R,4dbfe0be704a3a9b766789f14cbd0fc625163850b0d0ea734d59e35b14fc41f5
Recreated_From_September_Code_2026-09-22/working_analysis/figure_sources/Figure_S2_KEGG_GSEA/Code/figure_style.R,LOCAL_RECOVERY_REFERENCE/code/cb0a60e73f43_figure_style.R,cb0a60e73f438bdebb1c26921cd2d867e0854f1e443abcf4e5605629d4fba26f
Recreated_From_September_Code_2026-09-22/working_analysis/figure_sources/Figure_S2_KEGG_GSEA/Code/plot_FigS2_KEGG_GSEA.R,LOCAL_RECOVERY_REFERENCE/code/210265b888c8_plot_FigS2_KEGG_GSEA.R,210265b888c87ac5c59cd991f8799fa9ffafca65761592b5ea546463513b76da
Recreated_From_September_Code_2026-09-22/working_analysis/figure_sources/Figure_S3_Selected_Gene_Modules/Code/figure_style.R,LOCAL_RECOVERY_REFERENCE/code/cb0a60e73f43_figure_style.R,cb0a60e73f438bdebb1c26921cd2d867e0854f1e443abcf4e5605629d4fba26f
Recreated_From_September_Code_2026-09-22/working_analysis/figure_sources/Figure_S3_Selected_Gene_Modules/Code/generate_FigS3_selected_modules.R,LOCAL_RECOVERY_REFERENCE/code/73e5ae368948_generate_FigS3_selected_modules.R,73e5ae368948da860e3d2d11588f6bc44e49b67b0f0e36f1bacfeabcbdc87bd1
Recreated_From_September_Code_2026-09-22/working_analysis/figure_sources/Figure_S4B_Transfection_Efficiency/Code/figure_style.R,LOCAL_RECOVERY_REFERENCE/code/cb0a60e73f43_figure_style.R,cb0a60e73f438bdebb1c26921cd2d867e0854f1e443abcf4e5605629d4fba26f
Recreated_From_September_Code_2026-09-22/working_analysis/figure_sources/Figure_S4B_Transfection_Efficiency/Code/generate_transfection_efficiency.R,LOCAL_RECOVERY_REFERENCE/code/ce884555374f_generate_transfection_efficiency.R,ce884555374f0386dad3500ada36ff9bec0357eaf0e8ef0c86a37d3b74560e5a
Recreated_From_September_Code_2026-09-22/working_analysis/figure_sources/Figure_S4_Stress/Code/figure_style.R,LOCAL_RECOVERY_REFERENCE/code/cb0a60e73f43_figure_style.R,cb0a60e73f438bdebb1c26921cd2d867e0854f1e443abcf4e5605629d4fba26f
Recreated_From_September_Code_2026-09-22/working_analysis/figure_sources/Figure_S4_Stress/Code/generate_FigS4A_stress.R,LOCAL_RECOVERY_REFERENCE/code/be8f14c9f4c0_generate_FigS4A_stress.R,be8f14c9f4c0b27d8003a3f3e44e8a6df36dce09eeaea827eaec7102ac1acf14
Recreated_From_September_Code_2026-09-22/working_analysis/find_ppt_slides.py,LOCAL_RECOVERY_REFERENCE/code/f1c158b2cff0_find_ppt_slides.py,f1c158b2cff095a6eab3f1b0ec450379cbfb0494b600ef6ba8fb8787deb29867
Recreated_From_September_Code_2026-09-22/working_analysis/open_ai_audit/bounds_qa/compare_ppm.py,LOCAL_RECOVERY_REFERENCE/code/61714f3d338c_compare_ppm.py,61714f3d338ce21ddfdaca7b2c1af2f56877060efea160a81f018dcede306f39
Recreated_From_September_Code_2026-09-22/working_analysis/publish_figures.py,LOCAL_RECOVERY_REFERENCE/code/a781cdf65bb0_publish_figures.py,a781cdf65bb0e4ee781b2e2ff89e3ef6ec36e9600fa226d651ef8e461ac3c65c
Recreated_From_September_Code_2026-09-22/working_analysis/run_all.py,LOCAL_RECOVERY_REFERENCE/code/5177a3af5a02_run_all.py,5177a3af5a02e456f97c35fa5fa19e49f6b45a19c38e1f4d537899b02cf619ae
Recreated_From_September_Code_2026-09-22/working_analysis/search_all_pptx_slides.py,LOCAL_RECOVERY_REFERENCE/code/264881e82b01_search_all_pptx_slides.py,264881e82b016055d269e61d36703b800c2d8c8afbc60bc963a5629f08629803
Recreated_From_September_Code_2026-09-22/working_analysis/validate_outputs.py,LOCAL_RECOVERY_REFERENCE/code/1be6fd0518f8_validate_outputs.py,1be6fd0518f81818c256960d9d195936ae1c3543e4d727662bbba9ed46f3f099
Vector_Artwork_And_Canvas_2026-09-22_194336/backup_live_figures.jsx,LOCAL_RECOVERY_REFERENCE/code/b3e6187f2378_backup_live_figures.jsx,b3e6187f23789732b67e1c02022cd664817d4ddb6b7b9f7fc22fcd0abb40be54
Vector_Artwork_And_Canvas_2026-09-22_194336/embed_cached_fig4_plots.jsx,LOCAL_RECOVERY_REFERENCE/code/8acc97acf149_embed_cached_fig4_plots.jsx,8acc97acf1496d1f645a9c6f07edf32fda800bfa88b6117d8ad909b55d060225
Vector_Artwork_And_Canvas_2026-09-22_194336/final_inventory.jsx,LOCAL_RECOVERY_REFERENCE/code/d4841c11b360_final_inventory.jsx,d4841c11b36036d24bec31f7dd640218560ff99324b9551013788ca41d497350
Vector_Artwork_And_Canvas_2026-09-22_194336/finalize_all_open_figures.jsx,LOCAL_RECOVERY_REFERENCE/code/b1101adeb189_finalize_all_open_figures.jsx,b1101adeb1899c540dd7aa17942e6acaa16dd4dc1c8532992bd55a336518b550
Vector_Artwork_And_Canvas_2026-09-22_194336/inspect_native_source.jsx,LOCAL_RECOVERY_REFERENCE/code/a1b92168aa53_inspect_native_source.jsx,a1b92168aa5322b33a1bb17f619cd3d18b018abae585c2b4df6d12642dd061c0
Vector_Artwork_And_Canvas_2026-09-22_194336/inspect_open_figures.jsx,LOCAL_RECOVERY_REFERENCE/code/1b869d00be7d_inspect_open_figures.jsx,1b869d00be7d066661495944a234562ea09fde41301c12e7dd600cdb7bd28962
Vector_Artwork_And_Canvas_2026-09-22_194336/leave_finished_figures_open.jsx,LOCAL_RECOVERY_REFERENCE/code/fa4af374924e_leave_finished_figures_open.jsx,fa4af374924e1efcdb9691ffb5d21a289543b01c1268292ca0fde59090ac1378
Vector_Artwork_And_Canvas_2026-09-22_194336/polish_native_labels.jsx,LOCAL_RECOVERY_REFERENCE/code/97660385a529_polish_native_labels.jsx,97660385a529666d47ed5c6c1775526da27cb6ef2b1b92c4d2d1d557d047a9c4
Vector_Artwork_And_Canvas_2026-09-22_194336/refine_final_schematic.jsx,LOCAL_RECOVERY_REFERENCE/code/165019d552f8_refine_final_schematic.jsx,165019d552f81e085c558200ec49ff56d5d236d73692b90138d960d95b56434a
Vector_Artwork_And_Canvas_2026-09-22_194336/replace_trace_with_clean_vectors.jsx,LOCAL_RECOVERY_REFERENCE/code/595830728b92_replace_trace_with_clean_vectors.jsx,595830728b9245729415477af5c4c9919a991aa9762df0cba60ac11ace0bcb83
Vector_Artwork_And_Canvas_2026-09-22_194336/standardize_canvas.jsx,LOCAL_RECOVERY_REFERENCE/code/83323e832013_standardize_canvas.jsx,83323e832013236f99512de8dc4038166d9dce7928f99a28ec31b884e88dbbf0
Vector_Artwork_And_Canvas_2026-09-22_194336/trace_quality_test.jsx,LOCAL_RECOVERY_REFERENCE/code/578cb1fca57c_trace_quality_test.jsx,578cb1fca57c44a7dd5e72654a5101a90dfc161ad130f548ae332659dd7ce434
Vector_Artwork_And_Canvas_2026-09-22_194336/vectorize_non_graph_artwork.jsx,LOCAL_RECOVERY_REFERENCE/code/e0c555c31f96_vectorize_non_graph_artwork.jsx,e0c555c31f969d1bc4f8f3df5ab7a4c4ba88f735dcaa4aaf8d6cc1ac024c4c83
Vector_Artwork_And_Canvas_2026-09-22_194336/verify_final_figures.jsx,LOCAL_RECOVERY_REFERENCE/code/f4c664b8cd36_verify_final_figures.jsx,f4c664b8cd360fbfd702ea8df75c5bc1961ce0d9ddbd4273ed7ec0aae21bbcde
Vector_Artwork_And_Canvas_2026-09-22_194336/verify_svg_trace.jsx,LOCAL_RECOVERY_REFERENCE/code/d46c5a8643a6_verify_svg_trace.jsx,d46c5a8643a6dd5aac9a1c07a801e02a279cd3d4fcb5c0988da9c80c7d590456
