file,condition,objects_n,image_mean_object_ratio,image_median_object_ratio,image_ratio_of_integrated_sums,image_mean_percent_of_WT,image_median_percent_of_WT,integrated_ratio_percent_of_WT
TMRM MTG CS WR ZZ.lif - 7.16.26 CS_Series001.tif,CS,493,1.4403369941923119,1.4141641641641642,2.01084185242841,208.71048454394838,204.91793873065117,291.37887803605815
TMRM MTG CS WR ZZ.lif - 7.16.26 CS_Series003.tif,CS,154,0.8944998295503801,0.8058200024980456,1.6373785757283696,129.61653668739433,116.76648163222643,237.26258320108084
TMRM MTG CS WR ZZ.lif - 7.16.26 CS_Series005.tif,CS,222,0.5436030255118618,0.43270629496044477,1.3568273279079952,78.77021232642765,62.700840741130726,196.6096060796853
TMRM MTG CS WR ZZ.lif - 7.16.26 CS_Series008_2.tif,CS,166,0.6086290838382912,0.47804921449139126,1.2663154798770107,88.192743439643,69.27120777613693,183.49408399305844
TMRM MTG CS WR ZZ.lif - 7.16.26 CS_Series010_2.tif,CS,194,0.5039389790732657,0.4161279512992,1.253172354894148,73.02273629508734,60.29857366583785,181.58959358931568
TMRM MTG CS WR ZZ.lif - 7.16.26 CS_Series012_2.tif,CS,115,1.6314759056176766,1.6220338983050848,2.382841580494475,236.4072631309353,235.0390792064617,345.28309892876894
TMRM MTG CS WR ZZ.lif - 7.16.26 CS_Series014_2.tif,CS,112,1.4975559774152063,1.4308965285521167,2.3284151112542375,217.00173982775718,207.34252401385694,337.39648988314326
TMRM MTG CS WR ZZ.lif - 7.16.26 CS_Series018.tif,CS,1243,0.4522327256615476,0.2857142857142857,1.4048195999066027,65.53029720130192,41.40112157988129,203.56387468736705
TMRM MTG CS WR ZZ.lif - 7.16.26 CS_Series020.tif,CS,333,1.002369853499349,0.8952879581151832,2.0187467419898413,145.24732660457022,129.7307396102563,292.52432756438736
TMRM MTG CS WR ZZ.lif - 7.16.26 CS_Series022.tif,CS,525,0.7522018695159581,0.6321070234113713,1.65006320438529,108.99700368355465,91.59478904712867,239.1006356873537
TMRM MTG CS WR ZZ.lif - 7.16.26 CS_Series026_2.tif,CS,99,0.9895157100408918,0.8436781609195402,1.707574435859207,143.38471075811933,122.25227740082187,247.43423888996486
TMRM MTG CS WR ZZ.lif - 7.16.26 CS_Series028_2.tif,CS,127,0.9431825436872779,0.8427201917315758,1.5408778431304744,136.67085307126544,122.11346390494944,223.2792482311651
TMRM MTG CS WR ZZ.lif - 7.16.26 CS_Series030.tif,CS,43,0.8443393346906072,0.8599242495382978,1.1675000284512094,122.34808407570668,124.60639941618138,169.17533717848187
TMRM MTG CS WR ZZ.lif - 7.16.26 CS_Series030_2.tif,CS,18,1.2866799995869078,1.2883561782865804,1.6772311596107687,186.44498284054714,186.68786771401878,243.03737904813752
TMRM MTG CS WR ZZ.lif - 7.16.26 CS_Series032.tif,CS,2852,0.6527066795884162,0.4931031202435312,1.6019456237565277,94.57976009174224,71.4525778141744,232.12820936725973
TMRM MTG CS WR ZZ.lif - 7.16.26 CS_Series034.tif,CS,3392,0.6725197036646955,0.5223723723723723,1.6645623501945432,97.45074505700728,75.69380734495863,241.20161883194027
TMRM MTG CS WR ZZ.lif - 7.16.26 CS_Series036.tif,CS,3405,0.6781035206753995,0.5345744680851063,1.6971744598158631,98.25986206129717,77.4619389134215,245.92724153587065
TMRM MTG CS WR ZZ.lif - 7.16.26 CS_Series038.tif,CS,136,0.7060921054810242,0.5925302109832074,1.4927267995128637,102.31551786964988,85.85995356633968,216.30197299262704
TMRM MTG CS WR ZZ.lif - 7.16.26 CS_Series040.tif,CS,56,0.8796582464411902,0.7762027321083125,1.3785007908321152,127.46593303379912,112.47482288928295,199.75017593721017
TMRM MTG CS WR ZZ.lif - 7.16.26 CS_Series042.tif,CS,59,0.7234697939761906,0.6695383898946388,1.3519422445953526,104.83361314922979,97.01874098849066,195.90173833114432
TMRM MTG CS WR ZZ.lif - 7.16.26 CS_Series044.tif,CS,73,0.3800076541799521,0.2935613421427646,0.8614035095553375,55.064600821963886,42.53819086022004,124.82074999952937
TMRM MTG CS WR ZZ.lif - 7.16.26 CS_Series048.tif,CS,461,2.629321310395119,2.7817460317460316,3.441566271760072,380.99897935484387,403.08591982634425,498.69646274825135
TMRM MTG CS WR ZZ.lif - 7.16.26 CS_Series054.tif,CS,1821,0.9556537150589789,0.7407407407407407,2.005615001247957,138.47797475897704,107.33624113302555,290.6214867818515
TMRM MTG CS WR ZZ.lif - 7.16.26 CS_Series056.tif,CS,1907,0.9729679458197289,0.8148148148148148,2.078765849246574,140.98687476373482,118.06986524632812,301.22133181266906
TMRM MTG CS WR ZZ.lif - 7.16.26 CS_Series059.tif,CS,1708,0.9956027503419437,0.8,2.1395569818320443,144.26674679259855,115.92314042366763,310.03020556169315
TMRM MTG CS WR ZZ.lif - 7.10.26 WR_Series029.tif,WR,45,0.4075980434968747,0.3696415939636878,0.5666265232811815,59.06255654087548,53.56251800435113,82.1064075326237
TMRM MTG CS WR ZZ.lif - 7.10.26 WR_Series031.tif,WR,130,0.5403989972420866,0.46268153115435073,0.7994881499224209,78.30593605262946,67.04437013430417,115.84897133814378
TMRM MTG CS WR ZZ.lif - 7.10.26 WR_Series033.tif,WR,226,0.3258839648586231,0.24154508689754023,0.6345823918491434,47.221865775159664,35.00083128383819,91.9534796508939
TMRM MTG CS WR ZZ.lif - 7.10.26 WR_Series035.tif,WR,64,0.34784672552574636,0.2832886691247366,0.5842456272361354,50.40435601129257,41.04964021422594,84.65948486001037
TMRM MTG CS WR ZZ.lif - 7.10.26 WR_Series037.tif,WR,1859,1.1496503288021929,1.1367781155015197,1.6941772362703846,166.5888456298153,164.72361139229366,245.49293207844113
TMRM MTG CS WR ZZ.lif - 7.10.26 WR_Series039.tif,WR,295,0.9841457087290825,0.9152478244419221,1.471379916121433,142.60657648793915,132.62300259404654,213.20872579138643
TMRM MTG CS WR ZZ.lif - 7.10.26 WR_Series041.tif,WR,198,1.0752632334344678,1.0392362492002836,1.5762160026787644,155.80986350228838,150.58941206176263,228.39988627070306
