file,relative_path,session,condition,series,settings_group,tmrm_gain,tmrm_offset,mtg_gain,mtg_offset,tmrm_threshold,mtg_threshold,mask_pixels,mask_fraction,tmrm_mean_in_mask,mtg_mean_in_mask,tmrm_integrated_raw,mtg_integrated_raw,tmrm_background_median,mtg_background_median,tmrm_integrated_bg_corrected,mtg_integrated_bg_corrected,tmrm_mtg_ratio_raw,tmrm_mtg_ratio_bg_corrected,tmrm_mtg_highpass_correlation,tmrm_mtg_mask_dice,mtg_enrichment_in_tmrm_mask,estimated_shift_x_px,estimated_shift_y_px,estimated_shift_magnitude_px,tmrm_saturated_fraction,mtg_saturated_fraction,qc_auto_flags,qc_include,settings_has_WR_and_CS,group_WR_mean_ratio,normalized_to_group_WR_mean,primary_analysis_include,primary_exclusion_reason
TMRM MTG CS WR ZZ.lif - 7.10.26 WR_Series020.tif,1012_-99 1209_-30/TMRM MTG CS WR ZZ.lif - 7.10.26 WR_Series020.tif,7.10.26 WR,WR,Series020,1012_-99 1209_-30,1012,-99,1209,-30,60,34,136452,0.13013076782226562,107.3422668777299,55.30612962800105,14647067.0,7546632.0,11.0,15.0,13148130.0,5506899.0,1.9408746842299982,2.387574204647661,0.9255046844482422,0.6597699315349815,3.12690845032539,0,0,0.0,6.29425048828125e-05,0.0,,Yes,No,1.9408746842299982,1.0,No,unmatched acquisition setting
TMRM MTG CS WR ZZ.lif - 7.10.26 WR_Series022.tif,1012_-99 1209_-30/TMRM MTG CS WR ZZ.lif - 7.10.26 WR_Series022.tif,7.10.26 WR,WR,Series022,1012_-99 1209_-30,1012,-99,1209,-30,110,49,187570,0.1788806915283203,196.03686090526205,68.42011515700806,36770634.0,12833561.0,18.0,15.0,33394394.0,10026086.0,2.865193378517467,3.3307508034541096,0.9303416013717651,0.7733416573728361,3.991844868676309,0,0,0.0,0.037899017333984375,0.00021648406982421875,TMRM_saturation,No,No,1.9408746842299982,1.4762382145523079,No,unmatched acquisition setting; TMRM_saturation
TMRM MTG CS WR ZZ.lif - 7.10.26 WR_Series018.tif,1151_-99 1209_-30/TMRM MTG CS WR ZZ.lif - 7.10.26 WR_Series018.tif,7.10.26 WR,WR,Series018,1151_-99 1209_-30,1151,-99,1209,-30,146,27,338733,0.3230409622192383,203.88410340887955,32.66264875285254,69062274.0,11063917.0,86.0,11.0,39963448.0,7445618.0,6.242117868382418,5.367378235090761,0.8126118183135986,0.6513558384061982,2.533956254718907,0,0,0.0,0.06595039367675781,0.0,TMRM_saturation,No,No,nan,nan,No,unmatched acquisition setting; TMRM_saturation
TMRM MTG CS WR ZZ.lif - 7.10.26 WR_Series009.tif,1151_-99 1250_0/TMRM MTG CS WR ZZ.lif - 7.10.26 WR_Series009.tif,7.10.26 WR,WR,Series009,1151_-99 1250_0,1151,-99,1250,0,37,15,146813,0.14001178741455078,64.076846055867,19.582666385129382,9407314.0,2874990.0,12.0,8.0,7692790.0,1770574.0,3.272120598680343,4.344800047894073,0.8131169676780701,0.42654292865954474,2.0614850259421393,0,0,0.0,8.869171142578125e-05,0.0,,Yes,No,3.3478874769500537,0.9773687500576529,No,unmatched acquisition setting
TMRM MTG CS WR ZZ.lif - 7.10.26 WR_Series014.tif,1151_-99 1250_0/TMRM MTG CS WR ZZ.lif - 7.10.26 WR_Series014.tif,7.10.26 WR,WR,Series014,1151_-99 1250_0,1151,-99,1250,0,43,16,162409,0.15488529205322266,75.99541281579222,22.197162718814845,12342339.0,3605019.0,9.0,7.0,10905143.0,2512375.0,3.4236543552197642,4.340571371710035,0.8526413440704346,0.493176386840901,2.435683887863701,0,0,0.0,0.0013704299926757812,0.0,,Yes,No,3.3478874769500537,1.022631249942347,No,unmatched acquisition setting
TMRM MTG CS WR ZZ.lif - 7.13.26 WR_Series031.tif,683_-89 880_-100/TMRM MTG CS WR ZZ.lif - 7.13.26 WR_Series031.tif,7.13.26 WR,WR,Series031,683_-89 880_-100,683,-89,880,-100,67,28,142167,0.13558101654052734,125.58376416467956,41.76566995153587,17853867.0,5937700.0,1.0,1.0,17711700.0,5795743.0,3.006865789783923,3.0559843664565527,0.899106502532959,0.7282902495066196,9.872486261864205,0,0,0.0,4.00543212890625e-05,0.0,,Yes,No,3.006865789783923,1.0,No,unmatched acquisition setting
TMRM MTG CS WR ZZ.lif - 7.13.26 WR_Series029.tif,683_-89 987_-100/TMRM MTG CS WR ZZ.lif - 7.13.26 WR_Series029.tif,7.13.26 WR,WR,Series029,683_-89 987_-100,683,-89,987,-100,65,120,121530,0.11590003967285156,122.92706327655723,214.1787871307496,14939326.0,26029148.0,0.0,79.0,14939326.0,16428278.0,0.57394602389598,0.9093665203376763,0.7314378023147583,0.503922532829556,2.41668891381324,0,0,0.0,8.58306884765625e-06,0.00264739990234375,,Yes,No,0.57394602389598,1.0,No,unmatched acquisition setting
TMRM MTG CS WR ZZ.lif - 7.13.26 WR_Series017.tif,691_-40 995_-99/TMRM MTG CS WR ZZ.lif - 7.13.26 WR_Series017.tif,7.13.26 WR,WR,Series017,691_-40 995_-99,691,-40,995,-99,39,29,112117,0.10692310333251953,72.81942970289965,52.32606116824389,8164296.0,5866641.0,2.0,10.0,7940062.0,4753844.0,1.3916474520939666,1.6702403360312201,0.9527303576469421,0.5754129553888071,3.8655557372582403,0,0,0.0,0.0,0.0,,Yes,No,1.4849925528950676,0.9371410310313543,No,unmatched acquisition setting
TMRM MTG CS WR ZZ.lif - 7.13.26 WR_Series019.tif,691_-40 995_-99/TMRM MTG CS WR ZZ.lif - 7.13.26 WR_Series019.tif,7.13.26 WR,WR,Series019,691_-40 995_-99,691,-40,995,-99,39,29,130532,0.12448501586914062,72.75206845830907,49.08060858640027,9496473.0,6406590.0,3.0,10.0,9104877.0,5114218.0,1.4822976029369759,1.7803067839501563,0.9540088772773743,0.6006632909893104,3.675259689333509,0,0,0.0,0.0,0.0,,Yes,No,1.4849925528950676,0.9981852097824748,No,unmatched acquisition setting
TMRM MTG CS WR ZZ.lif - 7.13.26 WR_Series021.tif,691_-40 995_-99/TMRM MTG CS WR ZZ.lif - 7.13.26 WR_Series021.tif,7.13.26 WR,WR,Series021,691_-40 995_-99,691,-40,995,-99,42,30,150773,0.14378833770751953,76.64408746924184,48.47723398751766,11555859.0,7309058.0,5.0,11.0,10801994.0,5669945.0,1.5810326036542601,1.9051320603639013,0.9554491639137268,0.6179430168144431,3.4129467454519324,0,0,0.0,0.0,0.0,,Yes,No,1.4849925528950676,1.0646737591861708,No,unmatched acquisition setting
TMRM MTG CS WR ZZ.lif - 7.13.26 WR_Series009.tif,724_-43 1004_-99/TMRM MTG CS WR ZZ.lif - 7.13.26 WR_Series009.tif,7.13.26 WR,WR,Series009,724_-43 1004_-99,724,-43,1004,-99,128,76,390446,0.3723583221435547,176.69495397570984,92.89134989217459,68989838.0,36269056.0,83.0,40.0,36582820.0,20702687.0,1.9021680079018324,1.7670566144385027,0.896471381187439,0.7438499666905029,2.296677535885361,-4,0,4.0,0.0025739669799804688,6.67572021484375e-06,,Yes,No,1.9021680079018324,1.0,No,unmatched acquisition setting
TMRM MTG CS WR ZZ.lif - 7.10.26 WR_Series088.tif,724_-43 1102_-99/TMRM MTG CS WR ZZ.lif - 7.10.26 WR_Series088.tif,7.10.26 WR,WR,Series088,724_-43 1102_-99,724,-43,1102,-99,81,44,12846,0.012250900268554688,163.0736416004982,95.12719912813327,2094844.0,1222004.0,0.0,0.0,2094844.0,1222004.0,1.714269347727176,1.714269347727176,0.9219636917114258,0.6847802884761992,22.33500985608082,0,0,0.0,0.0007457733154296875,1.811981201171875e-05,,Yes,No,1.714269347727176,1.0,No,unmatched acquisition setting
TMRM MTG CS WR ZZ.lif - 7.10.26 WR_Series090.tif,724_-43 1110_-99/TMRM MTG CS WR ZZ.lif - 7.10.26 WR_Series090.tif,7.10.26 WR,WR,Series090,724_-43 1110_-99,724,-43,1110,-99,49,23,14157,0.013501167297363281,107.87101787101787,57.683054319417955,1527130.0,816619.0,0.0,0.0,1527130.0,816619.0,1.8700642527298532,1.8700642527298532,0.9016432762145996,0.46138814503872044,16.678955810948466,0,0,0.0,5.626678466796875e-05,3.814697265625e-06,,Yes,No,1.7223469937024762,1.0857650981872322,No,unmatched acquisition setting
TMRM MTG CS WR ZZ.lif - 7.10.26 WR_Series092.tif,724_-43 1110_-99/TMRM MTG CS WR ZZ.lif - 7.10.26 WR_Series092.tif,7.10.26 WR,WR,Series092,724_-43 1110_-99,724,-43,1110,-99,51,28,38678,0.03688621520996094,103.87279590464864,61.12495475464088,4017592.0,2364191.0,0.0,0.0,4017592.0,2364191.0,1.6993517021255897,1.6993517021255897,0.8953882455825806,0.5235873834743271,8.888696354149902,0,0,0.0,0.00051116943359375,8.58306884765625e-05,,Yes,No,1.7223469937024762,0.9866488624760483,No,unmatched acquisition setting
TMRM MTG CS WR ZZ.lif - 7.10.26 WR_Series094.tif,724_-43 1110_-99/TMRM MTG CS WR ZZ.lif - 7.10.26 WR_Series094.tif,7.10.26 WR,WR,Series094,724_-43 1110_-99,724,-43,1110,-99,44,29,45165,0.04307270050048828,88.1085796523857,65.6724454776929,3979424.0,2966096.0,0.0,1.0,3979424.0,2921018.0,1.341636953085807,1.3623414850576065,0.862232506275177,0.4985836740726144,8.03643618527742,0,0,0.0,9.250640869140625e-05,4.76837158203125e-06,,Yes,No,1.7223469937024762,0.7789585710610679,No,unmatched acquisition setting
TMRM MTG CS WR ZZ.lif - 7.10.26 WR_Series096.tif,724_-43 1110_-99/TMRM MTG CS WR ZZ.lif - 7.10.26 WR_Series096.tif,7.10.26 WR,WR,Series096,724_-43 1110_-99,724,-43,1110,-99,68,33,59403,0.05665111541748047,134.255593151861,67.86291938117604,7975185.0,4031261.0,0.0,2.0,7975185.0,3912757.0,1.9783350668686548,2.0382520560310797,0.9258999228477478,0.5956360898121642,7.934432067213678,0,0,0.0,0.002231597900390625,6.29425048828125e-05,,Yes,No,1.7223469937024762,1.1486274682756514,No,unmatched acquisition setting
TMRM MTG CS WR ZZ.lif - 7.10.26 WR_Series084.tif,724_-43 1209_-99/TMRM MTG CS WR ZZ.lif - 7.10.26 WR_Series084.tif,7.10.26 WR,WR,Series084,724_-43 1209_-99,724,-43,1209,-99,60,51,35931,0.03426647186279297,127.32921432746096,121.30914808939356,4575066.0,4358759.0,0.0,8.0,4575066.0,4071373.0,1.0496258223957782,1.1237157587870235,0.8928350210189819,0.4852157324805027,8.248292186490488,0,0,0.0,0.00051116943359375,0.0001087188720703125,,Yes,No,0.8909982811363722,1.1780334986248162,No,unmatched acquisition setting
TMRM MTG CS WR ZZ.lif - 7.10.26 WR_Series086.tif,724_-43 1209_-99/TMRM MTG CS WR ZZ.lif - 7.10.26 WR_Series086.tif,7.10.26 WR,WR,Series086,724_-43 1209_-99,724,-43,1209,-99,73,63,23433,0.022347450256347656,146.53518542226774,152.70336704647292,3433759.0,3578298.0,0.0,11.0,3433759.0,3320546.0,0.9596067739467199,1.0340946940653737,0.8762202262878418,0.5117517914656028,8.693169930348835,0,0,0.0,0.0005741119384765625,0.0004787445068359375,,Yes,No,0.8909982811363722,1.0770018239797778,No,unmatched acquisition setting
TMRM MTG CS WR ZZ.lif - 7.13.26 WR_Series001.tif,724_-43 1209_-99/TMRM MTG CS WR ZZ.lif - 7.13.26 WR_Series001.tif,7.13.26 WR,WR,Series001,724_-43 1209_-99,724,-43,1209,-99,76,135,226075,0.21560192108154297,133.76805042574367,201.53006745549044,30241612.0,45560910.0,14.0,119.0,27076562.0,18669017.0,0.6637622470666191,1.4503474928540694,0.8364688158035278,0.5995026687056171,1.7324123605658335,0,0,0.0,0.000690460205078125,0.0059604644775390625,,Yes,No,0.8909982811363722,0.7449646773954064,No,unmatched acquisition setting
TMRM MTG CS WR ZZ.lif - 7.10.26 WR_Series098.tif,757_-40 1110_-99/TMRM MTG CS WR ZZ.lif - 7.10.26 WR_Series098.tif,7.10.26 WR,WR,Series098,757_-40 1110_-99,757,-40,1110,-99,77,32,94771,0.09038066864013672,149.4620506273016,51.62028468624368,14164668.0,4892106.0,0.0,2.0,14164668.0,4704479.0,2.89541314108893,3.0108898349849156,0.9133503437042236,0.6784571650355079,7.18883525045046,0,0,0.0,0.004075050354003906,1.71661376953125e-05,,Yes,No,2.3970346785340335,1.2079145817196488,No,unmatched acquisition setting
TMRM MTG CS WR ZZ.lif - 7.10.26 WR_Series100.tif,757_-40 1110_-99/TMRM MTG CS WR ZZ.lif - 7.10.26 WR_Series100.tif,7.10.26 WR,WR,Series100,757_-40 1110_-99,757,-40,1110,-99,55,19,53567,0.051085472106933594,107.77418933298486,38.20809453581496,5773140.0,2046693.0,0.0,0.0,5773140.0,2046693.0,2.8207161503948077,2.8207161503948077,0.9007307291030884,0.473855960255201,7.025913003557312,0,0,0.0,0.000335693359375,0.0,,Yes,No,2.3970346785340335,1.176752333061734,No,unmatched acquisition setting
TMRM MTG CS WR ZZ.lif - 7.10.26 WR_Series102.tif,757_-40 1110_-99/TMRM MTG CS WR ZZ.lif - 7.10.26 WR_Series102.tif,7.10.26 WR,WR,Series102,757_-40 1110_-99,757,-40,1110,-99,55,17,75850,0.07233619689941406,106.53330257086354,31.292564271588663,8080551.0,2373541.0,0.0,0.0,8080551.0,2373541.0,3.4044286574362945,3.4044286574362945,0.9041870832443237,0.49935674250807444,5.799638764244761,0,0,0.0,9.822845458984375e-05,0.0,,Yes,No,2.3970346785340335,1.4202667520514798,No,unmatched acquisition setting
TMRM MTG CS WR ZZ.lif - 7.10.26 WR_Series104.tif,757_-40 1110_-99/TMRM MTG CS WR ZZ.lif - 7.10.26 WR_Series104.tif,7.10.26 WR,WR,Series104,757_-40 1110_-99,757,-40,1110,-99,40,18,64897,0.061890602111816406,79.4178621507928,36.109142179145415,5153981.0,2343375.0,0.0,0.0,5153981.0,2343375.0,2.1993837947404917,2.1993837947404917,0.9016131162643433,0.49144101185831673,6.1733323559369,0,0,0.0,1.9073486328125e-06,0.0,,Yes,No,2.3970346785340335,0.9175435860133571,No,unmatched acquisition setting
TMRM MTG CS WR ZZ.lif - 7.10.26 WR_Series106.tif,757_-40 1110_-99/TMRM MTG CS WR ZZ.lif - 7.10.26 WR_Series106.tif,7.10.26 WR,WR,Series106,757_-40 1110_-99,757,-40,1110,-99,49,19,79399,0.07572078704833984,96.7323014143755,35.02973589088024,7680448.0,2781326.0,0.0,0.0,7680448.0,2781326.0,2.761433934749109,2.761433934749109,0.8971478939056396,0.5322510457278354,5.839885098204745,0,0,0.0,3.0517578125e-05,0.0,,Yes,No,2.3970346785340335,1.152020852880582,No,unmatched acquisition setting
TMRM MTG CS WR ZZ.lif - 7.13.26 WR_Series007.tif,757_-40 1110_-99/TMRM MTG CS WR ZZ.lif - 7.13.26 WR_Series007.tif,7.13.26 WR,WR,Series007,757_-40 1110_-99,757,-40,1110,-99,140,113,462272,0.44085693359375,195.6763399037796,141.03413574691956,90455693.0,65196132.0,85.0,71.0,51162884.0,32559269.0,1.3874395646661983,1.5713769249549183,0.9205058813095093,0.7844285011266803,1.9484657379591166,0,0,0.0,0.01853179931640625,0.0015993118286132812,TMRM_saturation,No,No,2.3970346785340335,0.5788149738053525,No,unmatched acquisition setting; TMRM_saturation
TMRM MTG CS WR ZZ.lif - 7.13.26 WR_Series010.tif,757_-40 1110_-99/TMRM MTG CS WR ZZ.lif - 7.13.26 WR_Series010.tif,7.13.26 WR,WR,Series010,757_-40 1110_-99,757,-40,1110,-99,92,81,344610,0.3286457061767578,139.62281129392647,107.89124227387481,48115417.0,37180401.0,43.0,52.0,33297368.0,19404483.0,1.294106994704011,1.7159626463637294,0.9450929164886475,0.7316020522682708,1.9937330842394076,0,0,0.0,0.00018596649169921875,1.239776611328125e-05,,Yes,No,2.3970346785340335,0.5398782947501846,No,unmatched acquisition setting
TMRM MTG CS WR ZZ.lif - 7.13.26 WR_Series012.tif,757_-40 1110_-99/TMRM MTG CS WR ZZ.lif - 7.13.26 WR_Series012.tif,7.13.26 WR,WR,Series012,757_-40 1110_-99,757,-40,1110,-99,102,83,391078,0.37296104431152344,150.90769360587913,107.50248288065296,59016679.0,42041856.0,53.0,53.0,38289917.0,21493206.0,1.4037600766245906,1.7814893227190025,0.9452638626098633,0.7424851854570839,1.9499867547448317,0,0,0.0,0.00039577484130859375,8.58306884765625e-06,,Yes,No,2.3970346785340335,0.5856235995230137,No,unmatched acquisition setting
TMRM MTG CS WR ZZ.lif - 7.13.26 WR_Series014.tif,757_-40 1110_-99/TMRM MTG CS WR ZZ.lif - 7.13.26 WR_Series014.tif,7.13.26 WR,WR,Series014,757_-40 1110_-99,757,-40,1110,-99,142,98,454019,0.4329862594604492,197.2630991214024,116.32959413592823,89561195.0,52815846.0,89.0,59.0,49154069.0,26501128.0,1.6957258433387585,1.8547915771736208,0.7741577625274658,0.7071951696763012,1.8780109079985423,0,0,0.0,0.018054962158203125,0.00018787384033203125,TMRM_saturation,No,No,2.3970346785340335,0.7074264959636805,No,unmatched acquisition setting; TMRM_saturation
TMRM MTG CS WR ZZ.lif - 7.16.26 CS_Series010.tif,864_-99 1143_-51/TMRM MTG CS WR ZZ.lif - 7.16.26 CS_Series010.tif,7.16.26 CS,CS,Series010,864_-99 1143_-51,864,-99,1143,-51,82,63,162076,0.15456771850585938,158.55198178632247,112.81936869123128,25697471.0,18285312.0,0.0,23.0,25697471.0,14558506.0,1.4053613632624917,1.7651173135485194,0.8418012857437134,0.7136835263586739,3.703300512417846,0,0,0.0,0.001338958740234375,7.62939453125e-06,,Yes,No,nan,nan,No,unmatched acquisition setting
TMRM MTG CS WR ZZ.lif - 7.16.26 CS_Series012.tif,864_-99 1143_-51/TMRM MTG CS WR ZZ.lif - 7.16.26 CS_Series012.tif,7.16.26 CS,CS,Series012,864_-99 1143_-51,864,-99,1143,-51,76,73,255120,0.2433013916015625,145.66559658200063,127.64089448102854,37162207.0,32563745.0,0.0,26.0,37162207.0,25930625.0,1.1412141631744137,1.4331396562944394,0.8633769750595093,0.8625182341122396,3.825194513552288,0,0,0.0,0.0004911422729492188,0.0,,Yes,No,nan,nan,No,unmatched acquisition setting
TMRM MTG CS WR ZZ.lif - 7.16.26 CS_Series014.tif,864_-99 1143_-51/TMRM MTG CS WR ZZ.lif - 7.16.26 CS_Series014.tif,7.16.26 CS,CS,Series014,864_-99 1143_-51,864,-99,1143,-51,83,70,287679,0.2743520736694336,156.7702195850236,120.87159994299202,45099500.0,34772221.0,0.0,24.0,45099500.0,27867927.0,1.2969979685795738,1.61832991739931,0.9056054949760437,0.8661418789883087,3.782967250785278,0,0,0.0,0.0016279220581054688,9.5367431640625e-07,,Yes,No,nan,nan,No,unmatched acquisition setting
TMRM MTG CS WR ZZ.lif - 7.16.26 CS_Series016.tif,864_-99 1143_-51/TMRM MTG CS WR ZZ.lif - 7.16.26 CS_Series016.tif,7.16.26 CS,CS,Series016,864_-99 1143_-51,864,-99,1143,-51,80,52,187648,0.178955078125,155.63379305934515,97.10631075204638,29204370.0,18221805.0,0.0,13.0,29204370.0,15782392.0,1.6027155377856366,1.8504400346918262,0.9436224102973938,0.826885968106022,5.048372413202977,0,0,0.0,0.0009918212890625,0.0,,Yes,No,nan,nan,No,unmatched acquisition setting
TMRM MTG CS WR ZZ.lif - 7.16.26 CS_Series018_2.tif,864_-99 1143_-51/TMRM MTG CS WR ZZ.lif - 7.16.26 CS_Series018_2.tif,7.16.26 CS,CS,Series018_2,864_-99 1143_-51,864,-99,1143,-51,68,64,268410,0.25597572326660156,127.56430460862114,108.52770761148989,34239535.0,29129922.0,0.0,27.0,34239535.0,21882917.0,1.1754077130724896,1.5646696004924754,0.8697186708450317,0.8226814661023716,3.2388835567246694,0,0,0.0,6.771087646484375e-05,0.0,,Yes,No,nan,nan,No,unmatched acquisition setting
TMRM MTG CS WR ZZ.lif - 7.16.26 CS_Series021.tif,864_-99 1143_-51/TMRM MTG CS WR ZZ.lif - 7.16.26 CS_Series021.tif,7.16.26 CS,CS,Series021,864_-99 1143_-51,864,-99,1143,-51,30,15,14050,0.013399124145507812,65.02896797153025,43.97202846975089,913657.0,617807.0,0.0,6.0,913657.0,533544.0,1.4788712332492187,1.7124304649663382,0.7681448459625244,0.12850331324735784,4.974190065759555,0,0,0.0,9.5367431640625e-07,0.0,,Yes,No,nan,nan,No,unmatched acquisition setting
TMRM MTG CS WR ZZ.lif - 7.10.26 WR_Series029.tif,905_-99 1143_-51/TMRM MTG CS WR ZZ.lif - 7.10.26 WR_Series029.tif,7.10.26 WR,WR,Series029,905_-99 1143_-51,905,-99,1143,-51,25,31,74525,0.07107257843017578,49.57088225427709,62.674136195907415,3694270.0,4670790.0,0.0,13.0,3694270.0,3702297.0,0.7909304421735938,0.9978318865288225,0.7953633069992065,0.49761222878706884,3.7555552556323857,0,0,0.0,0.0,0.0,,Yes,Yes,1.4422844977544238,0.5483872588279491,Yes,
TMRM MTG CS WR ZZ.lif - 7.10.26 WR_Series031.tif,905_-99 1143_-51/TMRM MTG CS WR ZZ.lif - 7.10.26 WR_Series031.tif,7.10.26 WR,WR,Series031,905_-99 1143_-51,905,-99,1143,-51,28,24,64225,0.061249732971191406,55.43006617360841,47.99117166212534,3559996.0,3082233.0,0.0,11.0,3559996.0,2377129.0,1.155005478171183,1.497603201172507,0.850391149520874,0.4285166787046181,3.584243540248458,0,0,0.0,0.000217437744140625,0.0,,Yes,Yes,1.4422844977544238,0.800816676577664,Yes,
TMRM MTG CS WR ZZ.lif - 7.10.26 WR_Series033.tif,905_-99 1143_-51/TMRM MTG CS WR ZZ.lif - 7.10.26 WR_Series033.tif,7.10.26 WR,WR,Series033,905_-99 1143_-51,905,-99,1143,-51,20,17,42740,0.040760040283203125,40.83724847917642,35.79124941506785,1745384.0,1529718.0,0.0,8.0,1745384.0,1189081.0,1.1409841552495297,1.4678428130631975,0.8129788041114807,0.3000252618487787,3.5819717557205566,0,0,0.0,0.0,0.0,,Yes,Yes,1.4422844977544238,0.7910950696800763,Yes,
TMRM MTG CS WR ZZ.lif - 7.10.26 WR_Series035.tif,905_-99 1143_-51/TMRM MTG CS WR ZZ.lif - 7.10.26 WR_Series035.tif,7.10.26 WR,WR,Series035,905_-99 1143_-51,905,-99,1143,-51,20,19,46747,0.04458141326904297,40.311399662010395,41.511947290735236,1884437.0,1940559.0,0.0,9.0,1884437.0,1520904.0,0.9710794673081313,1.2390242908165143,0.7863092422485352,0.32304000834593916,3.717385969437751,0,0,0.0,0.0,0.0,,Yes,Yes,1.4422844977544238,0.6732925915934486,Yes,
TMRM MTG CS WR ZZ.lif - 7.10.26 WR_Series037.tif,905_-99 1143_-51/TMRM MTG CS WR ZZ.lif - 7.10.26 WR_Series037.tif,7.10.26 WR,WR,Series037,905_-99 1143_-51,905,-99,1143,-51,63,24,31277,0.02982807159423828,132.23061674713048,61.4071042619177,4135777.0,1920630.0,0.0,6.0,4135777.0,1733050.0,2.153343954848149,2.3864152794206746,0.903340220451355,0.4096941556189438,6.7788726449826635,0,0,0.0,0.0027723312377929688,0.00023365020751953125,,Yes,Yes,1.4422844977544238,1.4930091519397282,Yes,
TMRM MTG CS WR ZZ.lif - 7.10.26 WR_Series039.tif,905_-99 1143_-51/TMRM MTG CS WR ZZ.lif - 7.10.26 WR_Series039.tif,7.10.26 WR,WR,Series039,905_-99 1143_-51,905,-99,1143,-51,46,25,85554,0.08159065246582031,89.72562358276645,47.25715922107675,7676386.0,4043039.0,0.0,11.0,7676386.0,3103827.0,1.8986673143642692,2.473200342673738,0.9108177423477173,0.5229775232886078,3.4998080504141793,0,0,0.0,0.00011920928955078125,0.0,,Yes,Yes,1.4422844977544238,1.3164305082113925,Yes,
TMRM MTG CS WR ZZ.lif - 7.10.26 WR_Series041.tif,905_-99 1143_-51/TMRM MTG CS WR ZZ.lif - 7.10.26 WR_Series041.tif,7.10.26 WR,WR,Series041,905_-99 1143_-51,905,-99,1143,-51,52,26,72854,0.06947898864746094,102.5069591237269,51.61528536525105,7468042.0,3760380.0,0.0,9.0,7468042.0,3105080.0,1.9859806721661108,2.4051045383693817,0.9114630222320557,0.5847234723035382,4.590104255147169,0,0,0.0,0.0002155303955078125,0.0,,Yes,Yes,1.4422844977544238,1.3769687431697415,Yes,
TMRM MTG CS WR ZZ.lif - 7.16.26 CS_Series001.tif,905_-99 1143_-51/TMRM MTG CS WR ZZ.lif - 7.16.26 CS_Series001.tif,7.16.26 CS,CS,Series001,905_-99 1143_-51,905,-99,1143,-51,86,43,172832,0.164825439453125,165.66804179781522,74.040218246621,28632739.0,12796519.0,0.0,11.0,28632739.0,10897541.0,2.237541240707727,2.62744953196322,0.9213240742683411,0.7931521048231189,4.804436904332307,0,0,0.0,0.0027904510498046875,0.0,,Yes,Yes,1.4422844977544238,1.5513868756070555,Yes,
TMRM MTG CS WR ZZ.lif - 7.16.26 CS_Series003.tif,905_-99 1143_-51/TMRM MTG CS WR ZZ.lif - 7.16.26 CS_Series003.tif,7.16.26 CS,CS,Series003,905_-99 1143_-51,905,-99,1143,-51,37,20,122155,0.11649608612060547,72.0708444189759,35.57571118660718,8803814.0,4345751.0,0.0,7.0,8803814.0,3493395.0,2.025844094611035,2.5201312763085766,0.877583920955658,0.6097405184942103,3.6782908897090167,0,0,0.0,0.0,0.0,,Yes,Yes,1.4422844977544238,1.4046078272110594,Yes,
TMRM MTG CS WR ZZ.lif - 7.16.26 CS_Series004.tif,905_-99 1143_-51/TMRM MTG CS WR ZZ.lif - 7.16.26 CS_Series004.tif,7.16.26 CS,CS,Series004,905_-99 1143_-51,905,-99,1143,-51,103,85,267744,0.255340576171875,193.00698801840565,136.63205898171387,51676463.0,36582414.0,2.0,25.0,51140975.0,29889089.0,1.412603963204834,1.7110248826921424,0.8823964595794678,0.8960646344172248,4.357685743246831,-4,0,4.0,0.014073371887207031,0.0002593994140625,TMRM_saturation,No,Yes,1.4422844977544238,0.9794211651059127,No,TMRM_saturation
TMRM MTG CS WR ZZ.lif - 7.16.26 CS_Series005.tif,905_-99 1143_-51/TMRM MTG CS WR ZZ.lif - 7.16.26 CS_Series005.tif,7.16.26 CS,CS,Series005,905_-99 1143_-51,905,-99,1143,-51,27,14,78901,0.07524585723876953,54.111861700105194,27.24736061646874,4269480.0,2149844.0,0.0,5.0,4269480.0,1757794.0,1.9859487479091507,2.428885296001693,0.8348835110664368,0.43879451197041397,3.6213560785605092,0,0,0.0,0.0,0.0,,Yes,Yes,1.4422844977544238,1.376946608662292,Yes,
TMRM MTG CS WR ZZ.lif - 7.16.26 CS_Series006.tif,905_-99 1143_-51/TMRM MTG CS WR ZZ.lif - 7.16.26 CS_Series006.tif,7.16.26 CS,CS,Series006,905_-99 1143_-51,905,-99,1143,-51,107,82,305019,0.29088878631591797,201.77423045777476,129.45424711247497,61544974.0,39486005.0,3.0,24.0,60629917.0,32165847.0,1.5586528442165775,1.8849159171838379,0.8845233917236328,0.9071744465918118,4.513812824744675,-4,0,4.0,0.016745567321777344,0.0,TMRM_saturation,No,Yes,1.4422844977544238,1.0806833510609968,No,TMRM_saturation
TMRM MTG CS WR ZZ.lif - 7.16.26 CS_Series008.tif,905_-99 1143_-51/TMRM MTG CS WR ZZ.lif - 7.16.26 CS_Series008.tif,7.16.26 CS,CS,Series008,905_-99 1143_-51,905,-99,1143,-51,109,63,239770,0.22866249084472656,204.29576677649413,98.69605455227926,48983996.0,23664353.0,3.0,17.0,48264686.0,19588738.0,2.069948669207225,2.4638997162553298,0.9384751915931702,0.8781408278479955,4.812208055500761,0,0,0.0,0.027256011962890625,2.6702880859375e-05,TMRM_saturation,No,Yes,1.4422844977544238,1.4351874906996835,No,TMRM_saturation
TMRM MTG CS WR ZZ.lif - 7.16.26 CS_Series008_2.tif,905_-99 1143_-51/TMRM MTG CS WR ZZ.lif - 7.16.26 CS_Series008_2.tif,7.16.26 CS,CS,Series008_2,905_-99 1143_-51,905,-99,1143,-51,29,16,67099,0.06399059295654297,57.7844081133847,32.34963263237902,3877276.0,2170628.0,0.0,5.0,3877276.0,1836018.0,1.786246192346178,2.1117853964394686,0.8622143268585205,0.4793736583715601,4.336772253101532,0,0,0.0,0.0,0.0,,Yes,Yes,1.4422844977544238,1.238483943443397,Yes,
TMRM MTG CS WR ZZ.lif - 7.16.26 CS_Series010_2.tif,905_-99 1143_-51/TMRM MTG CS WR ZZ.lif - 7.16.26 CS_Series010_2.tif,7.16.26 CS,CS,Series010_2,905_-99 1143_-51,905,-99,1143,-51,23,14,84943,0.0810079574584961,46.713266543446785,27.05261175140977,3967965.0,2297930.0,0.0,5.0,3967965.0,1875779.0,1.7267562545421313,2.115369134636863,0.8220944404602051,0.4916590284142988,3.930848448252471,0,0,0.0,0.0,0.0,,Yes,Yes,1.4422844977544238,1.197236923249621,Yes,
TMRM MTG CS WR ZZ.lif - 7.16.26 CS_Series012_2.tif,905_-99 1143_-51/TMRM MTG CS WR ZZ.lif - 7.16.26 CS_Series012_2.tif,7.16.26 CS,CS,Series012_2,905_-99 1143_-51,905,-99,1143,-51,54,26,281571,0.2685270309448242,102.35611266785287,39.88199423946358,28820513.0,11229613.0,0.0,10.0,28820513.0,8421292.0,2.5664742854450995,3.422338638774193,0.9291632175445557,0.773545289407029,3.2673912101091442,0,0,0.0,0.000194549560546875,0.0,,Yes,Yes,1.4422844977544238,1.7794507875810852,Yes,
TMRM MTG CS WR ZZ.lif - 7.16.26 CS_Series014_2.tif,905_-99 1143_-51/TMRM MTG CS WR ZZ.lif - 7.16.26 CS_Series014_2.tif,7.16.26 CS,CS,Series014_2,905_-99 1143_-51,905,-99,1143,-51,52,23,238206,0.2271709442138672,99.25773490172372,38.39569532253596,23643788.0,9146085.0,0.0,9.0,23643788.0,7007597.0,2.5851266416176975,3.374022221882908,0.9075323343276978,0.7523565847204104,3.4916290056071326,0,0,0.0,0.00013065338134765625,0.0,,Yes,Yes,1.4422844977544238,1.792383295835621,Yes,
TMRM MTG CS WR ZZ.lif - 7.16.26 CS_Series018.tif,905_-99 1143_-51/TMRM MTG CS WR ZZ.lif - 7.16.26 CS_Series018.tif,7.16.26 CS,CS,Series018,905_-99 1143_-51,905,-99,1143,-51,22,12,74014,0.07058525085449219,46.69753019698976,23.85732428999919,3456271.0,1765776.0,0.0,2.0,3456271.0,1618871.0,1.9573666195485724,2.1349885197770546,0.8789236545562744,0.5269652709328077,5.433995428685059,0,0,0.0,1.1444091796875e-05,0.0,,Yes,Yes,1.4422844977544238,1.3571293476398796,Yes,
TMRM MTG CS WR ZZ.lif - 7.16.26 CS_Series020.tif,905_-99 1143_-51/TMRM MTG CS WR ZZ.lif - 7.16.26 CS_Series020.tif,7.16.26 CS,CS,Series020,905_-99 1143_-51,905,-99,1143,-51,38,18,221975,0.21169185638427734,72.09811915756279,30.250190336749633,16003980.0,6714786.0,0.0,7.0,16003980.0,5170956.0,2.383393901160811,3.0949750877787396,0.898686945438385,0.6742226216267614,3.188079905690308,0,0,0.0,7.62939453125e-06,0.0,,Yes,Yes,1.4422844977544238,1.6525130131202652,Yes,
TMRM MTG CS WR ZZ.lif - 7.16.26 CS_Series022.tif,905_-99 1143_-51/TMRM MTG CS WR ZZ.lif - 7.16.26 CS_Series022.tif,7.16.26 CS,CS,Series022,905_-99 1143_-51,905,-99,1143,-51,27,17,234759,0.22388362884521484,51.55664319578802,25.72356331386656,12103386.0,6038838.0,0.0,8.0,12103386.0,4193717.0,2.0042574415806484,2.8860760036979127,0.8841932415962219,0.6364196128162086,2.6754326338712895,0,0,0.0,8.58306884765625e-06,0.0,,Yes,Yes,1.4422844977544238,1.3896408404175409,Yes,
TMRM MTG CS WR ZZ.lif - 7.16.26 CS_Series024_2.tif,905_-99 1143_-51/TMRM MTG CS WR ZZ.lif - 7.16.26 CS_Series024_2.tif,7.16.26 CS,CS,Series024_2,905_-99 1143_-51,905,-99,1143,-51,26,17,237630,0.2266216278076172,50.407153978874724,26.4414004965703,11978252.0,6283270.0,0.0,8.0,11978252.0,4412609.0,1.9063723188721795,2.7145509606674874,0.8878347873687744,0.6428660645142872,2.6992996334967576,0,0,0.0,1.049041748046875e-05,0.0,,Yes,Yes,1.4422844977544238,1.3217727305814635,Yes,
TMRM MTG CS WR ZZ.lif - 7.16.26 CS_Series026_2.tif,905_-99 1143_-51/TMRM MTG CS WR ZZ.lif - 7.16.26 CS_Series026_2.tif,7.16.26 CS,CS,Series026_2,905_-99 1143_-51,905,-99,1143,-51,31,20,327545,0.31237125396728516,55.8325604115465,28.077442794119893,18287676.0,9196626.0,1.0,10.0,17960992.0,5972324.0,1.9885201377113737,3.0073706650878282,0.8533257246017456,0.660223990227115,2.2248759189532348,0,0,0.0,1.049041748046875e-05,0.0,,Yes,Yes,1.4422844977544238,1.378729467596314,Yes,
TMRM MTG CS WR ZZ.lif - 7.16.26 CS_Series028_2.tif,905_-99 1143_-51/TMRM MTG CS WR ZZ.lif - 7.16.26 CS_Series028_2.tif,7.16.26 CS,CS,Series028_2,905_-99 1143_-51,905,-99,1143,-51,34,23,240546,0.2294025421142578,63.97552235331288,35.68161183307974,15389056.0,8583069.0,0.0,10.0,15389056.0,6188636.0,1.7929549442046895,2.4866636202226147,0.8689647912979126,0.6921079586559605,2.787309808952553,0,0,0.0,3.814697265625e-06,0.0,,Yes,Yes,1.4422844977544238,1.2431354195349424,Yes,
TMRM MTG CS WR ZZ.lif - 7.16.26 CS_Series030.tif,905_-99 1143_-51/TMRM MTG CS WR ZZ.lif - 7.16.26 CS_Series030.tif,7.16.26 CS,CS,Series030,905_-99 1143_-51,905,-99,1143,-51,25,16,67164,0.06405258178710938,50.14740039306771,31.61028229408612,3368100.0,2123073.0,0.0,6.0,3368100.0,1721902.0,1.5864268444843865,1.9560346639936534,0.7630758285522461,0.4590574114979377,3.9254014127431343,0,0,0.0,0.0,0.0,,Yes,Yes,1.4422844977544238,1.0999403009284134,Yes,
TMRM MTG CS WR ZZ.lif - 7.16.26 CS_Series030_2.tif,905_-99 1143_-51/TMRM MTG CS WR ZZ.lif - 7.16.26 CS_Series030_2.tif,7.16.26 CS,CS,Series030_2,905_-99 1143_-51,905,-99,1143,-51,36,23,242500,0.23126602172851562,68.09941443298969,35.73,16514108.0,8664525.0,0.0,10.0,16514108.0,6250357.0,1.9059449883288466,2.6421063628845523,0.7678694128990173,0.7018344192436912,2.7767516326774984,0,0,0.0,0.0,0.0,,Yes,Yes,1.4422844977544238,1.3214764433066588,Yes,
TMRM MTG CS WR ZZ.lif - 7.16.26 CS_Series032.tif,905_-99 1143_-51/TMRM MTG CS WR ZZ.lif - 7.16.26 CS_Series032.tif,7.16.26 CS,CS,Series032,905_-99 1143_-51,905,-99,1143,-51,36,12,36757,0.03505420684814453,77.15539897162445,29.751176646625133,2836001.0,1093564.0,0.0,5.0,2836001.0,910631.0,2.5933562187489714,3.11432512181114,0.88182532787323,0.27860737802525176,4.466775452446867,0,0,0.0,0.00011920928955078125,0.0,,Yes,Yes,1.4422844977544238,1.7980892277402396,Yes,
TMRM MTG CS WR ZZ.lif - 7.16.26 CS_Series034.tif,905_-99 1143_-51/TMRM MTG CS WR ZZ.lif - 7.16.26 CS_Series034.tif,7.16.26 CS,CS,Series034,905_-99 1143_-51,905,-99,1143,-51,39,13,44212,0.042163848876953125,81.42404776983625,29.955125305346964,3599920.0,1324376.0,0.0,5.0,3599920.0,1104480.0,2.718200873467958,3.259379979718963,0.8855686783790588,0.3079347379995509,4.055653763061809,0,0,0.0,4.1961669921875e-05,0.0,,Yes,Yes,1.4422844977544238,1.8846495803706427,Yes,
TMRM MTG CS WR ZZ.lif - 7.16.26 CS_Series036.tif,905_-99 1143_-51/TMRM MTG CS WR ZZ.lif - 7.16.26 CS_Series036.tif,7.16.26 CS,CS,Series036,905_-99 1143_-51,905,-99,1143,-51,41,13,39993,0.038140296936035156,85.85574975620733,30.442552446678167,3433629.0,1217489.0,0.0,5.0,3433629.0,1018447.0,2.8202546388509466,3.371436117932499,0.888677716255188,0.2968514881525915,4.27288384057318,0,0,0.0,3.24249267578125e-05,0.0,,Yes,Yes,1.4422844977544238,1.9554079956083312,Yes,
TMRM MTG CS WR ZZ.lif - 7.16.26 CS_Series038.tif,905_-99 1143_-51/TMRM MTG CS WR ZZ.lif - 7.16.26 CS_Series038.tif,7.16.26 CS,CS,Series038,905_-99 1143_-51,905,-99,1143,-51,30,15,99029,0.09444141387939453,57.92910157630593,26.925304708721686,5736661.0,2666386.0,0.0,8.0,5736661.0,1887353.0,2.151474317671935,3.039527316829443,0.8100202679634094,0.4284533287257938,2.788533502882191,0,0,0.0,0.0,0.0,,Yes,Yes,1.4422844977544238,1.4917128493176552,Yes,
TMRM MTG CS WR ZZ.lif - 7.16.26 CS_Series040.tif,905_-99 1143_-51/TMRM MTG CS WR ZZ.lif - 7.16.26 CS_Series040.tif,7.16.26 CS,CS,Series040,905_-99 1143_-51,905,-99,1143,-51,30,16,85262,0.08131217956542969,57.43141141422908,29.360606131688208,4896717.0,2503344.0,0.0,10.0,4896717.0,1663332.0,1.9560703602860814,2.9439203959281732,0.7860217094421387,0.381414165134481,2.6733872716821443,0,0,0.0,0.0,0.0,,Yes,Yes,1.4422844977544238,1.3562305934311853,Yes,
TMRM MTG CS WR ZZ.lif - 7.16.26 CS_Series042.tif,905_-99 1143_-51/TMRM MTG CS WR ZZ.lif - 7.16.26 CS_Series042.tif,7.16.26 CS,CS,Series042,905_-99 1143_-51,905,-99,1143,-51,28,16,103001,0.09822940826416016,53.513266861486784,27.772176969155637,5511920.0,2860562.0,0.0,9.0,5511920.0,1948982.0,1.9268661193150156,2.8281020553293974,0.7725002765655518,0.4266231681159048,2.5997171506932224,0,0,0.0,0.0,0.0,,Yes,Yes,1.4422844977544238,1.3359819940622428,Yes,
TMRM MTG CS WR ZZ.lif - 7.16.26 CS_Series044.tif,905_-99 1143_-51/TMRM MTG CS WR ZZ.lif - 7.16.26 CS_Series044.tif,7.16.26 CS,CS,Series044,905_-99 1143_-51,905,-99,1143,-51,32,10,15613,0.014889717102050781,65.56139114840197,32.53154422596554,1023610.0,507915.0,0.0,5.0,1023610.0,430128.0,2.01531752360139,2.3797799724733104,0.7203261256217957,0.1324881281060188,5.4283931483314865,0,0,0.0,0.0,0.0,,Yes,Yes,1.4422844977544238,1.3973092872724864,Yes,
TMRM MTG CS WR ZZ.lif - 7.16.26 CS_Series048.tif,905_-99 1143_-51/TMRM MTG CS WR ZZ.lif - 7.16.26 CS_Series048.tif,7.16.26 CS,CS,Series048,905_-99 1143_-51,905,-99,1143,-51,91,26,81666,0.07788276672363281,180.56084539465627,48.87563980114123,14745682.0,3991478.0,0.0,4.0,14745682.0,3664990.0,3.6942911873747017,4.023389422617797,0.9645359516143799,0.7727899761726907,7.73595233466998,0,0,0.0,0.006748199462890625,0.0,,Yes,Yes,1.4422844977544238,2.5614164148103633,Yes,
TMRM MTG CS WR ZZ.lif - 7.16.26 CS_Series054.tif,905_-99 1143_-51/TMRM MTG CS WR ZZ.lif - 7.16.26 CS_Series054.tif,7.16.26 CS,CS,Series054,905_-99 1143_-51,905,-99,1143,-51,38,16,117078,0.11165428161621094,76.23322912929842,29.71378909786638,8925234.0,3478831.0,0.0,5.0,8925234.0,2896079.0,2.565584243672659,3.0818337483197107,0.9121385216712952,0.5986351942293774,4.102887746522984,0,0,0.0,4.9591064453125e-05,0.0,,Yes,Yes,1.4422844977544238,1.778833682028175,Yes,
TMRM MTG CS WR ZZ.lif - 7.16.26 CS_Series056.tif,905_-99 1143_-51/TMRM MTG CS WR ZZ.lif - 7.16.26 CS_Series056.tif,7.16.26 CS,CS,Series056,905_-99 1143_-51,905,-99,1143,-51,39,16,116992,0.111572265625,78.87008513402625,29.903309628008753,9227169.0,3498448.0,0.0,5.0,9227169.0,2916162.0,2.637503544428844,3.1641482880580707,0.9192501902580261,0.6002099336221437,4.065043865423164,0,0,0.0,3.814697265625e-05,0.0,,Yes,Yes,1.4422844977544238,1.8286985324568945,Yes,
TMRM MTG CS WR ZZ.lif - 7.16.26 CS_Series059.tif,905_-99 1143_-51/TMRM MTG CS WR ZZ.lif - 7.16.26 CS_Series059.tif,7.16.26 CS,CS,Series059,905_-99 1143_-51,905,-99,1143,-51,45,16,63921,0.060959815979003906,92.63312526399774,31.85538398961218,5921202.0,2036228.0,0.0,5.0,5921202.0,1717861.0,2.907926813696698,3.4468458158139685,0.9172755479812622,0.5136537461944012,4.763001156531096,0,0,0.0,5.14984130859375e-05,0.0,,Yes,Yes,1.4422844977544238,2.016195014384622,Yes,
TMRM MTG CS WR ZZ.lif - 7.10.26 WR_Series049.tif,913_-91 1201_-100/TMRM MTG CS WR ZZ.lif - 7.10.26 WR_Series049.tif,7.10.26 WR,WR,Series049,913_-91 1201_-100,913,-91,1201,-100,40,23,105002,0.10013771057128906,76.26474733814594,41.16335879316584,8007951.0,4322235.0,0.0,10.0,8007951.0,3278705.0,1.8527338286789126,2.4424127818757713,0.9110909700393677,0.5759287029167883,3.58798551139569,0,0,0.0,0.0,0.0,,Yes,No,2.319495790804703,0.7987657645354654,No,unmatched acquisition setting
TMRM MTG CS WR ZZ.lif - 7.10.26 WR_Series052.tif,913_-91 1201_-100/TMRM MTG CS WR ZZ.lif - 7.10.26 WR_Series052.tif,7.10.26 WR,WR,Series052,913_-91 1201_-100,913,-91,1201,-100,46,29,116918,0.11150169372558594,89.33554285909783,52.200088951230775,10444933.0,6103130.0,0.0,7.0,10444933.0,5285416.0,1.7114059507170911,1.9761799260455564,0.9219628572463989,0.7393971162631546,5.183099689619756,0,0,0.0,0.0,0.0,,Yes,No,2.319495790804703,0.7378353336538511,No,unmatched acquisition setting
TMRM MTG CS WR ZZ.lif - 7.10.26 WR_Series054.tif,913_-91 1201_-100/TMRM MTG CS WR ZZ.lif - 7.10.26 WR_Series054.tif,7.10.26 WR,WR,Series054,913_-91 1201_-100,913,-91,1201,-100,42,13,46964,0.044788360595703125,90.06737075206541,28.243207563239928,4229924.0,1326414.0,0.0,4.0,4229924.0,1140747.0,3.188992275413257,3.7080299137319668,0.9276618957519531,0.39809347440003645,5.279995149771147,0,0,0.0,6.198883056640625e-05,0.0,,Yes,No,2.319495790804703,1.3748644373727876,No,unmatched acquisition setting
TMRM MTG CS WR ZZ.lif - 7.10.26 WR_Series056.tif,913_-91 1201_-100/TMRM MTG CS WR ZZ.lif - 7.10.26 WR_Series056.tif,7.10.26 WR,WR,Series056,913_-91 1201_-100,913,-91,1201,-100,34,14,62219,0.05933666229248047,67.47262090358251,29.860010607692185,4198079.0,1857860.0,0.0,4.0,4198079.0,1610937.0,2.2596315115240113,2.605985833089686,0.9101049304008484,0.4500501368140179,4.8056951919392015,0,0,0.0,1.71661376953125e-05,0.0,,Yes,No,2.319495790804703,0.9741908221959209,No,unmatched acquisition setting
TMRM MTG CS WR ZZ.lif - 7.10.26 WR_Series058.tif,913_-91 1201_-100/TMRM MTG CS WR ZZ.lif - 7.10.26 WR_Series058.tif,7.10.26 WR,WR,Series058,913_-91 1201_-100,913,-91,1201,-100,27,16,74433,0.0709848403930664,53.27303749680921,30.578466540378596,3965272.0,2276047.0,0.0,4.0,3965272.0,1980685.0,1.742174919937945,2.001970025521474,0.8626471161842346,0.5081686502288072,4.5918662515199875,0,0,0.0,0.0,0.0,,Yes,No,2.319495790804703,0.7511007033703355,No,unmatched acquisition setting
TMRM MTG CS WR ZZ.lif - 7.10.26 WR_Series060.tif,913_-91 1201_-100/TMRM MTG CS WR ZZ.lif - 7.10.26 WR_Series060.tif,7.10.26 WR,WR,Series060,913_-91 1201_-100,913,-91,1201,-100,48,15,40432,0.0385589599609375,94.90918084685397,34.20463988919668,3837368.0,1382962.0,0.0,4.0,3837368.0,1222189.0,2.7747457992338185,3.139750071388304,0.8806253671646118,0.42834200393122224,6.075357828151048,0,0,0.0,0.0008697509765625,0.0,,Yes,No,2.319495790804703,1.1962711078131234,No,unmatched acquisition setting
TMRM MTG CS WR ZZ.lif - 7.10.26 WR_Series062.tif,913_-91 1201_-100/TMRM MTG CS WR ZZ.lif - 7.10.26 WR_Series062.tif,7.10.26 WR,WR,Series062,913_-91 1201_-100,913,-91,1201,-100,40,14,47587,0.04538249969482422,79.17733834870869,31.297329102485975,3767812.0,1489346.0,0.0,4.0,3767812.0,1300237.0,2.529843300347938,2.897788633918278,0.9219553470611572,0.4264256500674757,5.5618983146450045,0,0,0.0,0.0,0.0,,Yes,No,2.319495790804703,1.0906867390650703,No,unmatched acquisition setting
TMRM MTG CS WR ZZ.lif - 7.10.26 WR_Series064.tif,913_-91 1201_-100/TMRM MTG CS WR ZZ.lif - 7.10.26 WR_Series064.tif,7.10.26 WR,WR,Series064,913_-91 1201_-100,913,-91,1201,-100,38,14,48881,0.046616554260253906,75.9065076410057,30.897956261123955,3710386.0,1510323.0,0.0,3.0,3710386.0,1363958.0,2.4566837689686247,2.7203081033286947,0.9303172826766968,0.5356002174059078,6.48730942690631,0,0,0.0,0.0,0.0,,Yes,No,2.319495790804703,1.0591456034142348,No,unmatched acquisition setting
TMRM MTG CS WR ZZ.lif - 7.10.26 WR_Series066.tif,913_-91 1201_-100/TMRM MTG CS WR ZZ.lif - 7.10.26 WR_Series066.tif,7.10.26 WR,WR,Series066,913_-91 1201_-100,913,-91,1201,-100,37,16,52557,0.05012226104736328,73.81869208668684,33.779306276994504,3879689.0,1775339.0,0.0,0.0,3879689.0,1775339.0,2.1853229157924203,2.1853229157924203,0.8921973705291748,0.3966211863347468,5.644032914331183,0,0,0.0,0.0,0.0,,Yes,No,2.319495790804703,0.9421542925215941,No,unmatched acquisition setting
TMRM MTG CS WR ZZ.lif - 7.10.26 WR_Series069.tif,913_-91 1201_-100/TMRM MTG CS WR ZZ.lif - 7.10.26 WR_Series069.tif,7.10.26 WR,WR,Series069,913_-91 1201_-100,913,-91,1201,-100,42,15,48486,0.04623985290527344,89.87687167429773,30.99913377057295,4357770.0,1503024.0,0.0,0.0,4357770.0,1503024.0,2.899334940759429,2.899334940759429,0.9042662382125854,0.3474684875958761,5.303297042092104,0,0,0.0,9.918212890625e-05,9.5367431640625e-07,,Yes,No,2.319495790804703,1.2499849977108872,No,unmatched acquisition setting
TMRM MTG CS WR ZZ.lif - 7.10.26 WR_Series071.tif,913_-91 1201_-100/TMRM MTG CS WR ZZ.lif - 7.10.26 WR_Series071.tif,7.10.26 WR,WR,Series071,913_-91 1201_-100,913,-91,1201,-100,32,15,60633,0.057824134826660156,63.83091715732357,29.771444592878467,3870260.0,1805132.0,0.0,0.0,3870260.0,1805132.0,2.144031572206354,2.144031572206354,0.885623574256897,0.39140809407321575,4.89280007249949,0,0,0.0,0.0,0.0,,Yes,No,2.319495790804703,0.9243524306903462,No,unmatched acquisition setting
TMRM MTG CS WR ZZ.lif - 7.10.26 WR_Series073.tif,913_-91 1201_-100/TMRM MTG CS WR ZZ.lif - 7.10.26 WR_Series073.tif,7.10.26 WR,WR,Series073,913_-91 1201_-100,913,-91,1201,-100,31,16,67011,0.06390666961669922,62.260360239363685,29.80321141305159,4172129.0,1997143.0,0.0,0.0,4172129.0,1997143.0,2.0890487060766305,2.0890487060766305,0.8652406334877014,0.42653677409235674,4.954039951087856,0,0,0.0,0.0,0.0,,Yes,No,2.319495790804703,0.9006477676563822,No,unmatched acquisition setting
TMRM MTG CS WR ZZ.lif - 7.10.26 WR_Series044.tif,913_-91 1201_-91/TMRM MTG CS WR ZZ.lif - 7.10.26 WR_Series044.tif,7.10.26 WR,WR,Series044,913_-91 1201_-91,913,-91,1201,-91,50,28,120417,0.1148386001586914,95.69804927875632,47.98324156888147,11523672.0,5777998.0,0.0,10.0,11523672.0,4577240.0,1.9944056747683194,2.5176027475072313,0.9349075555801392,0.6516111516356845,3.8711933001536405,0,0,0.0,7.62939453125e-05,0.0,,Yes,No,1.8930690761961282,1.0535303227158588,No,unmatched acquisition setting
TMRM MTG CS WR ZZ.lif - 7.10.26 WR_Series047.tif,913_-91 1201_-91/TMRM MTG CS WR ZZ.lif - 7.10.26 WR_Series047.tif,7.10.26 WR,WR,Series047,913_-91 1201_-91,913,-91,1201,-91,42,25,110402,0.10528755187988281,80.19728809260702,44.75963297766345,8853941.0,4941553.0,0.0,11.0,8853941.0,3732369.0,1.7917324776239372,2.372204088073821,0.9038293957710266,0.5795211140671971,3.3983668112763232,0,0,0.0,0.0,0.0,,Yes,No,1.8930690761961282,0.9464696772841414,No,unmatched acquisition setting
TMRM MTG CS WR ZZ.lif - 7.10.26 WR_Series076.tif,913_-91 1209_-100/TMRM MTG CS WR ZZ.lif - 7.10.26 WR_Series076.tif,7.10.26 WR,WR,Series076,913_-91 1209_-100,913,-91,1209,-100,37,17,74593,0.0711374282836914,76.09220704355637,30.571930341989194,5675946.0,2280452.0,0.0,0.0,5675946.0,2280452.0,2.4889565752754277,2.4889565752754277,0.9042176008224487,0.42477100058196543,4.782911301909638,0,0,0.0,0.0001087188720703125,0.0,,Yes,No,2.128847750915353,1.1691566830954616,No,unmatched acquisition setting
TMRM MTG CS WR ZZ.lif - 7.10.26 WR_Series078.tif,913_-91 1209_-100/TMRM MTG CS WR ZZ.lif - 7.10.26 WR_Series078.tif,7.10.26 WR,WR,Series078,913_-91 1209_-100,913,-91,1209,-100,30,17,120825,0.11522769927978516,58.19513345747983,28.072965032071178,7031427.0,3391916.0,0.0,4.0,7031427.0,2938955.0,2.072995616636733,2.3924922293808515,0.8753495812416077,0.46511290772233066,3.4772695860648537,0,0,0.0,1.9073486328125e-06,0.0,,Yes,No,2.128847750915353,0.973764148115052,No,unmatched acquisition setting
TMRM MTG CS WR ZZ.lif - 7.10.26 WR_Series080.tif,913_-91 1209_-100/TMRM MTG CS WR ZZ.lif - 7.10.26 WR_Series080.tif,7.10.26 WR,WR,Series080,913_-91 1209_-100,913,-91,1209,-100,25,16,90799,0.0865926742553711,49.07014394431657,26.893776363175807,4455520.0,2441928.0,0.0,3.0,4455520.0,2189837.0,1.8245910608338984,2.034635454602329,0.805309534072876,0.40194677679264607,3.580704805324582,0,0,0.0,0.0,0.0,,Yes,No,2.128847750915353,0.8570791687894864,No,unmatched acquisition setting
TMRM MTG CS WR ZZ.lif - 7.16.26 CS_Series024.tif,921_-99 1242_-71/TMRM MTG CS WR ZZ.lif - 7.16.26 CS_Series024.tif,7.16.26 CS,CS,Series024,921_-99 1242_-71,921,-99,1242,-71,53,22,56207,0.053603172302246094,107.10395502339566,47.37591403206007,6019992.0,2662858.0,0.0,10.0,6019992.0,2102269.0,2.260725881740596,2.8635688391923204,0.9254741668701172,0.39644750302241233,3.9225335175593474,0,0,0.0,0.00011444091796875,0.0,,Yes,No,nan,nan,No,unmatched acquisition setting
TMRM MTG CS WR ZZ.lif - 7.16.26 CS_Series026.tif,921_-99 1242_-71/TMRM MTG CS WR ZZ.lif - 7.16.26 CS_Series026.tif,7.16.26 CS,CS,Series026,921_-99 1242_-71,921,-99,1242,-71,49,22,61472,0.058624267578125,99.47039302446642,45.71107170744404,6114644.0,2809951.0,0.0,9.0,6114644.0,2258045.0,2.176067838905376,2.707937175742733,0.9232422113418579,0.44180401379117923,3.9720048376042048,0,0,0.0,2.6702880859375e-05,0.0,,Yes,No,nan,nan,No,unmatched acquisition setting
TMRM MTG CS WR ZZ.lif - 7.16.26 CS_Series028.tif,921_-99 1242_-71/TMRM MTG CS WR ZZ.lif - 7.16.26 CS_Series028.tif,7.16.26 CS,CS,Series028,921_-99 1242_-71,921,-99,1242,-71,33,25,85976,0.08199310302734375,64.80424769703173,48.25365218200428,5571610.0,4148656.0,0.0,10.0,5571610.0,3290687.0,1.3429915616045294,1.69314492688001,0.8046743869781494,0.5555082605872592,3.9114760285935115,0,0,0.0,0.0,0.0,,Yes,No,nan,nan,No,unmatched acquisition setting
TMRM MTG CS WR ZZ.lif - 7.10.26 WR_Series025.tif,930_-99 1143_-51/TMRM MTG CS WR ZZ.lif - 7.10.26 WR_Series025.tif,7.10.26 WR,WR,Series025,930_-99 1143_-51,930,-99,1143,-51,78,29,88373,0.08427906036376953,152.5783327486902,53.32874294184875,13483805.0,4712821.0,0.0,8.0,13483805.0,4006337.0,2.8610899925967908,3.3656192676751857,0.9537709951400757,0.7256397172770911,5.335013960355605,0,0,0.0,0.0032186508178710938,1.9073486328125e-06,,Yes,No,2.463486135409698,1.1613988613420663,No,unmatched acquisition setting
TMRM MTG CS WR ZZ.lif - 7.10.26 WR_Series027.tif,930_-99 1143_-51/TMRM MTG CS WR ZZ.lif - 7.10.26 WR_Series027.tif,7.10.26 WR,WR,Series027,930_-99 1143_-51,930,-99,1143,-51,46,24,131186,0.1251087188720703,86.78379552696173,42.0081029987956,11384819.0,5510875.0,0.0,10.0,11384819.0,4202331.0,2.065882278222605,2.709167602456827,0.8755063414573669,0.6204536222815049,3.312201618297823,0,0,0.0,1.1444091796875e-05,0.0,,Yes,No,2.463486135409698,0.8386011386579335,No,unmatched acquisition setting
