"pathway","gene","lfc_F","padj_F","lfc_M","padj_M"
"Control","betaGlu",0.044177017852594,0.914011411436589,0.0823553539326682,0.80088557456231
"Control","eff",-0.19057514823758,0.633946154767728,0.0589397212046785,0.898038460036893
"Control","ida",-0.0241474244120639,0.988112749391903,0.0722789655064249,0.88351791636262
"Control","morgue",0.140526836947545,0.608863637495612,0.0133505387079141,0.971627062788932
"Control","mRpL9",-0.274973909524574,0.317923888064577,-0.18560946913765,0.56928777599924
"Control","mtSSB",0.766030038419982,0.544042200470075,0.118868094396799,0.928541721197848
"Control","PIG-T",-0.0571403770147414,0.900048831812487,-0.0792867478546194,0.836856924015766
"Control","Prosbeta6",-0.22037995262159,0.345655810216481,-0.127145413173707,0.670581377497576
"Control","shrb",-0.115125319048812,0.602864168522844,-0.158845649647819,0.396550602424266
"Control","Ubc2",-0.0999479955832196,0.897994360525618,-0.478240861276075,0.239955344354401
"Control","Ufc1",-0.309917688493914,0.12558738287664,0.249786908027314,0.264240842737157
"ISR","AIMP1",0.0184207595534126,0.988815348912362,-0.124300258668614,0.763495668498293
"ISR","Atf6",0.613695153835568,0.448743644294152,-0.634394936017897,0.378083949329816
"ISR","chrb",0.151007695678783,0.744143640193043,0.16049182761378,0.707433616855055
"ISR","crc",-0.140927283481484,0.921674841567995,0.495345626003961,0.525382983057153
"ISR","CysRS",-0.12127266940437,0.715310198892651,0.12364303627208,0.696877247849502
"ISR","Gadd45",0.22642565177424,0.87581226173465,1.20277223664519,0.10323613777465
"ISR","PPP1R15",-0.0279980828896947,0.92970401936475,0.0752523357077753,0.728612485122517
"ISR","scyl",-0.296710603487148,0.768998889964586,-0.327137516501245,0.723609982708859
"ISR","trbl",0.192608589556444,0.49937425868177,0.0011249027892802,0.99752812760621
"ISR","TrpRS",0.306235172462766,0.0172458877317722,0.468844789212532,1.54967487401226e-05
"ISR","TyrRS",0.353787022858298,0.0111910042387119,0.136888138633648,0.48176363681765
"UPR (ATF6)","Creld",-0.0531653487328711,0.951843149054233,-0.00534781518326099,0.994360725949594
"UPR (ATF6)","ERp60",-0.0226069961802548,0.934253657716441,-0.181796551701585,0.115621224496932
"UPR (ATF6)","foi",-1.11098425760979,0.384956540780696,-0.806247083757923,0.578301440273498
"UPR (ATF6)","Grp170",-0.108413430045176,0.922284362201712,0.0170232020756603,0.986901913208771
"UPR (ATF6)","hlk",0.32127013265232,0.428972580797336,-0.521345712194856,0.122925592662585
"UPR (ATF6)","Hsc70-3",0.0705332946417178,0.961574611152631,-0.282631552816541,0.713385077916625
"UPR (ATF6)","Manf",-0.450748361815355,0.121800792216961,-0.377367082040022,0.222721712385548
"UPR (ATF6)","Mis12",1.60916693043306,1.15474143564294e-07,0.998951609914471,3.01580690561368e-06
"UPR (ATF6)","sgl",0.213468543587647,0.511802012816918,0.22126838343307,0.489142450104019
"UPR (ATF6)","shv",0.0543497432902478,0.90510906780358,-0.335867742795278,0.0998164637736942
"UPR (ATF6)","Zip71B",-0.317518109968015,0.646103647877473,0.125305119575519,0.893897982647543
"UPR (IRE1/XBP1s)","Der-2",0.0878834091357935,0.77315180119001,0.0144777876328332,0.964265253835332
"UPR (IRE1/XBP1s)","ergic53",-0.133443557264635,0.738507745519422,-0.121432476870632,0.761000858358026
"UPR (IRE1/XBP1s)","Hsc70-2",0.207811372580594,0.641868176396555,0.0356811532182553,0.945449854421544
"UPR (IRE1/XBP1s)","Hsc70-4",0.199320071234899,0.884388827785604,-0.664906223621867,0.471534384070366
"UPR (IRE1/XBP1s)","Hsp68",-0.226718101684663,0.461472929862787,-0.0494139620666367,0.912603704304311
"UPR (IRE1/XBP1s)","l(1)G0320",-0.706191249414901,0.000359910231090834,-0.128558733174542,0.715010650628839
"UPR (IRE1/XBP1s)","mbl",0.324260404666015,0.718628327018684,0.147835945252228,0.885488712944351
"UPR (IRE1/XBP1s)","Srp19",-0.244160553582201,0.360277998068065,-0.204022278908041,0.477389089561378
"UPR (IRE1/XBP1s)","Stt3B",0.046962121329211,0.870222798885151,-0.260453086441806,0.0678871224762565
"HSR","Gp93",-0.209193158032123,0.0723446699144324,-0.351660659682309,0.000285348857402485
"HSR","Hsc70-4",0.199320071234899,0.884388827785604,-0.664906223621867,0.471534384070366
"HSR","Hsp60A",-0.46624007531539,0.782598900898416,0.1470192503681,0.930805637111829
"HSR","Hsp60B",8.24633695388566,NA,0.264613424470678,NA
"HSR","Hsp67Ba",-0.339687050538916,0.840282469333737,1.36612996210164,0.055723540103394
"HSR","Hsp67Bc",0.295451196336208,0.626916498885387,1.04716838693171,0.00295880473651352
"HSR","Hsp70Bc",0.209546434078621,0.828373074767705,1.44131539293584,0.000171348356551547
"HSR","Hsp83",1.8422516143304,0.585986226677921,0.53443218623155,0.481793321629695
"HSR","Spn77Bb",0.571102338727261,0.910087886816593,0.721162188478667,0.731513255618007
"OSR","Gclc",-0.15012663188129,0.90362006019136,0.0664268269477306,0.957150248744068
"OSR","Gclm",0.316120361785766,0.730194373222131,0.642864396653888,0.476679798810931
"OSR","Men",0.315305204793626,0.901716889934144,-0.691385603714175,0.72283299951943
"OSR","Men-b",0.353150360033727,0.376031879423968,-0.141576666950077,0.811889479377928
"OSR","Prx1",5.99755725124299,0.0120033577879404,0.738913382221475,0.824677735837825
"OSR","Prx2",-0.234253725479322,0.85991690171411,0.323396621637391,0.803539861367523
"OSR","Prx3",-0.174678755781949,0.598368823158911,-0.207068217042057,0.490591013019056
"OSR","Sod1",-0.214941744753016,0.342067069533268,-0.463003854520005,0.00610539496638287
"OSR","Sod3",0.120265497015924,0.919588351526131,-1.29409275506456,0.0080729106333004
"OSR","Tob",-0.102705706151074,0.844989724522602,-0.154081126991983,0.706986763484242
"OSR","Trx2",-0.542988980699124,0.399358542768171,-0.248552575844557,0.795183580788521
"OSR","Trxr1",-0.464283452725397,0.265774615162106,0.307946077716063,0.548837653109294
"OSR","Trxr2",4.81143134724313,0.0448154799226139,0.296165595830368,0.926216163199207
